country,vehicle_name,url,formal_designation,type,crew,manufacturers,production_quantity,production_period,length_hull,width,height,combat_weight,ground_clearance,radio,primary_armament,secondary_armament,ammunition_carried,traverse,elevation,engine_make_model,engine_type_displacement,horsepower,power_weight_ratio,fuel_type,fuel_capacity,speed,range,gearbox,turning_radius,gradient,fording,vertical_obstacle,trench_crossing,ground_pressure,track_width,track_ground_contact,hull_front,hull_side,hull_rear,hull_top_bottom,superstructure_front,superstructure_side,superstructure_rear,superstructure_top_bottom,turret_front,turret_side,turret_rear,turret_top_bottom,mantlet
france,FT-17 Light Tank,https://www.onwar.com/wwii/tanks/france/fr003ft17.html,,Light Tank,2,,about 50001,n.a.,,1.75,2.29,7000,0.46,,"1 x 37mm Puteaux, or
    1 x 8mm Hotchkiss Model 1914 MG",,,Manual (360°),n.a.,Renault,,,,n.a.,,10 km/h max.,39,"4 forward, 1 reverse",n.a.,45°,0.69,0.61,1.98,7 psi,n.a.,n.a.,,,,,,,,,,,,,
france,FCM 36,https://www.onwar.com/wwii/tanks/france/fr002fcm36.html,,Light Tank,2,n.a.,about 100,1936-?,,n.a.,n.a.,n.a.,n.a.,,37mm,7.5mm MG,,n.a.,n.a.,Berliet,,,,Diesel,n.a.,n.a.,n.a.,n.a.,n.a.,n.a.,n.a.,n.a.,n.a.,n.a.,n.a.,n.a.,n.a.,n.a.,n.a.,n.a.,n.a.,n.a.,n.a.,n.a.,n.a.,n.a.,n.a.,n.a.,n.a.
france,Hotchkiss H-39,https://www.onwar.com/wwii/tanks/france/fr004h39.html,,Light/Cavalry Tank,2,,over 1000,1939-1940,,1.95,2.15,12100,n.a.,,37mm L/33,7.5mm MG (coaxial),,Manual (360°),n.a.,Hotchkiss,"6 cylinder, 6 litres",,,Gasoline (Petrol),,37 km/h,120,"5 forward, 1 reverse",n.a.,40°,0.85,0.50,1.80,n.a.,n.a.,n.a.,29-34mm @30°,34mm @0°,22mm @30°,12mm @90°,34mm @7° & round,34mm @20°,34mm @25°,22mm @88° & 90°,45mm @0° &25°,40mm @30°,40mm @30°,12mm @90°,25mm @round
france,Renault R-35,https://www.onwar.com/wwii/tanks/france/fr005r35.html,,Light/Cavalry Tank,2,,over 1600,1935-1940,,1.88,2.10,10600,0.32,,37mm SA18 L/21,"1 x 7.5mm Chatellerault M6
    Model 31",,Manual (360°),n.a.,Renault,,,,Gasoline (Petrol),,19 km/h max.,138/80,"4 forward, 1 reverse",n.a.,n.a.,0.80,0.50,1.60,12.0 psi,n.a.,n.a.,32mm @round,40mm @0°,40mm @35°,14mm @90°,32mm @15° & round,40mm @10°,40mm @11°,13mm @90°,45mm @0° & 25°,40mm @30°,40mm @30°,12mm @90°,45mm @round
france,Somua S-35,https://www.onwar.com/wwii/tanks/france/fr006s35.html,Char 1935 S Somua,Medium Tank,3,,about 430,1935-1940,,2.10,2.62,20000,0.42,,47mm SA35 L/34,"1 x 7.5mm Chatellerault M6
    Model 31",,Electric (360°),-18° to +18°,Somua,,,,Gas,,37 km/h max.,259/129,"5 forward, 1 reverse",n.a.,40°,1.00,0.76,2.13,12.1 psi,n.a.,n.a.,36mm @round,10+25mm @0°,35mm @0°,20mm @90°,36mm @22°,35mm @22°,25mm @30°,20mm @82° & 90°,56mm @0°,46mm @22°,46mm @22°,30mm @72° & 90,56mm @round
france,Char B1-bis,https://www.onwar.com/wwii/tanks/france/fr001b1bis.html,,Heavy Tank,4,,about 4001,1937 - 19402,,2.48,2.74,31500,0.48,,75mm SA32 L/17 (bow),"2 x 7.5mm M31 MG (bow, coaxial)",,75mm: none,-15° to +25°,Renault,,,,Gasoline (Petrol),,27 km/h,135/100,"5 forward, 1 reverse",n.a.,26°,1.47,0.93,2.74,n.a.,n.a.,n.a.,60mm @45°,60mm @0°,55mm @43°,20mm @90°,60mm @20°,60mm @0°,55mm @0°,25mm @80° & 90°,56mm @0°,46mm @22°,46mm @22°,30mm @72° & 90°,56mm @round
germany,Neubaufahrzueg,https://www.onwar.com/wwii/tanks/germany/ge020neubau.html,,Medium Tank,6,,3,1935,,2.19,2.98,23410,0.47,,,7.92mm MG13 (coaxial),,Manual (360°),-10° to +22°,BMW Va,,,,Gasoline (Petrol),,30 km/h,120 on road,"6 forward, 1 reverse",n.a.,n.a.,n.a.,n.a.,n.a.,n.a.,n.a.,n.a.,20mm,13mm @90°,13mm,13mm @0°,13mm,13mm @68°,13mm,13mm @0°,15mm,13mm,13mm,13mm @0°,15mm @round
germany,PzKpfw I Ausf. A,https://www.onwar.com/wwii/tanks/germany/ge027pz1a.html,,Light Tank,2,,818,Jul. 1934-Jun. 1936,4.02,2.06,1.72,5400,0.29,FuG2,2 x 7.92 MG34,,,Manual (360°),-12° to +18°,Krupp M305,,,,Gasoline (Petrol),145,37/n.a. km/h,145/97,"5 forward, 1 reverse",2.1,30°,0.58,0.36,1.40,5.7 psi,28cm,247cm,13mm @63°,13mm @90°,13mm @75°,6mm @0°,13mm @68°,13mm @68°,13mm @73°,6mm @0-8°,13mm @80°,13mm @68°,13mm @68°,8mm @0-8°,13mm @round
germany,PzKpfw I Ausf. B,https://www.onwar.com/wwii/tanks/germany/ge028pz1b.html,,Light Tank,2,,675,Aug. 1935-Jun. 1937,,2.06,1.72,5800,0.29,FuG2,2 x 7.92 MG13,,,Manual (360°),-12° to +18°,Maybach NL38TR,,,,Gasoline (Petrol),145,40 km/h,140/115,"5 forward, 1 reverse",2.1,30°,0.58,0.36,1.40,6.0 psi,28cm,274cm,13mm @63°,13mm @90°,13mm @71°,6mm @0°,13mm @63°,13mm @68°,13mm @90°,6mm @0-7°,13mm @80°,13mm @68°,13mm @68°,8mm @8-0°,13mm @round
germany,Kleiner PzBefwg IB,https://www.onwar.com/wwii/tanks/germany/ge013kleinerpanzer.html,,Command Vehicle,3,,184,1935-1937,,2.06,1.99,5900,0.29,FuG6 and FuG2,7.92mm MG13 or 34,,,n.a.,n.a.,Maybach NL38TR,,,,Gasoline (Petrol),145,40 km/h,170/115,"5 forward, 1 reverse",2.1,30°,0.58,0.36,1.40,6.1 psi,28cm,247cm,13mm @65°,13mm @90°,13mm @70°,6mm @0°,13mm @67°,13mm @67°,13mm @70°,8mm @0°,,,,,
germany,Panzerjäger I,https://www.onwar.com/wwii/tanks/germany/ge055pzjager1.html,,Tank Destroyer,3,,202 converted from PzKpfw. I Ausf. B,Mar. 1940-Feb. 1941,,2.06,2.25,6400,0.29,FuG2,47mm PaK(t) L/43.4,,,"Manual (17° L, 17° R)",-8° to +12°,Maybach NL38TR,,,,Gasoline (Petrol),148,40/19 km/h,140/95,"5 forward, 1 reverse",,30°,0.58,0.36,1.4,6.7 psi,28cm,244cm,13mm @68°,13mm @68°,13mm @90°,6mm @0°,13mm @68°,13mm @68°,13mm @90°,6mm @0°,,,,,
germany,PzKpfw I Ausf. C,https://www.onwar.com/wwii/tanks/germany/ge029pz1c.html,,Light/Recon Tank,2,,40,Jul.-Dec. 1942,4.19,,1.94,8000,n.a.,,1 x EW141 MG,1 x 7.92mm MG34(coaxial),,Manual (360°),-10° to +20°,Maybach HL45P,,,,Gasoline (Petrol),n.a.,79 km/h,300,"8 forward, 2 reverse",n.a.,n.a.,n.a.,n.a.,n.a.,n.a.,n.a.,n.a.,30mm @70°,20mm @90°,20mm @60°,10mm @0°,30mm @80°,20mm @90°,20mm @75°,10mm @0-7°,30mm @77°,20mm @66°,20mm @83°,10mm @0-10°,30mm @round
germany,PzKpfw I Ausf. F,https://www.onwar.com/wwii/tanks/germany/ge030pz1f.html,,Infantry Support Tank,2,,30,Apr.-Dec. 1942,4.38,,2.05,21000,n.a.,,2 x 7.92 MG34,,,Manual (360°),-10° to +20°,Maybach HL45P,,,7.1 hp/t,Gasoline (Petrol),n.a.,25 km/h,150,"4 forward, 1 reverse",n.a.,n.a.,n.a.,n.a.,n.a.,n.a.,n.a.,n.a.,80mm @70°,50mm @90°,50mm @76°,25mm @0°,80mm @80°,50mm @90°,50mm @80°,25mm @0°,80mm @90°,50mm @80°,50mm @80°,25mm @0°,80mm @round
germany,PzKpfw II Ausf. c,https://www.onwar.com/wwii/tanks/germany/ge031pz2c.html,,Light Tank,3,,1113*,Mar. 1937-Apr. 1940*,,2.22,1.99,8900,n.a.,FuG5,20mm KwK 38 L/55,1 x 7.92 MG34 (coaxial),,Manual (360°),-9° to +20°,Maybach HL62TR,,,,Gasoline (Petrol),n.a.,40 km/h,200,"6 forward, 1 reverse",n.a.,n.a.,0.85,0.42,n.a.,n.a.,30.5cm,n.a.,15mm @round,15mm @90°,15mm @84°,15mm @17-27°,15mm @81°,15mm @90°,15mm @81°,10mm @0-9°,15mm @round,15mm @68°,15mm @68°,10mm @0-4°,30mm @round
germany,PzKpfw II Ausf. F,https://www.onwar.com/wwii/tanks/germany/ge032pz2f.html,,Light Tank,3,,524,Mar. 1941-Dec. 1942,,2.28,2.15,9500,0.34,FuG5,20mm KwK30 L/55,1 x 7.92mm MG34,,Manual (360°),-9.5° to +20°,Maybach HL62TR,,,,Gasoline (Petrol),170,40 km/h,200/100,"6 forward, 1 reverse",4.8,30°,0.92,0.42,1.70,9.4 psi,30cm,240cm,35mm @77°,15mm @90°,15mm @83°,5mm @0°,30mm @80°,15mm @90°,15mm @81°,15mm @0°,30mm @round,15mm @69°,15mm @69°,10mm @0-13°,30mm @round
germany,PzKpfw II Ausf. L,https://www.onwar.com/wwii/tanks/germany/ge033pz2l.html,,Light/Recon Tank,4,,100+4 converted from VK1301,Sept. 1943-Jan. 1944,,2.48,2.21,13000,0.34,FuG12 and FuG Spr a,20mm KwK 38 L/55,1 x 7.92mm MG34,,Manual (360°),-9° to +18°,Maybach HL66P,,,,Gasoline (Petrol),290,60 km/h,250/150,"6 forward, 1 reverse",n.a.,30°,1.32,n.a.,n.a.,10.7 psi,36cm,220cm,30mm @68°,20mm @90°,20mm @62°,10mm @0°,30mm @80°,20mm @90°,20mm @62°,10mm @0-4°,30mm @80°,20mm @69°,20mm @69°,12mm @0-11°,30mm @round
germany,Marder II,https://www.onwar.com/wwii/tanks/germany/ge015marder2.html,,Tank Destroyer,3,,576+75 converted from PzKpfw II,July 1943-Mar. 1944,,2.28,2.20,10800,0.34,FuG Spr d,75mm PaK40/2 L/48,1 x 7.92 MG34 (loose),,"Manual (32° L, 25° R)",-8° to +10°,Maybach HL62TRM,,,,Gasoline (Petrol),205,40/19 km/h,190/126,"6 forward, 1 reverse",n.a.,30°,0.91,0.42,n.a.,10.6 psi,30cm,240cm,35mm @77°,15mm @90°,15mm @83°,5mm @0°,30mm @80°,10mm @82°,10mm @90°,10mm @0° & open,,,,,4+4mm @60°
germany,Wespe,https://www.onwar.com/wwii/tanks/germany/ge069wespe.html,,Self-Propelled Gun,4,,676,Feb. 1943-Jul. 1944,4.81,2.28,2.30,11000,0.36,FuG Spr f,105mm leFH18M L/28,1 x 7.92mm MG34 (loose),,Manual (17° L to 17° R),-5° to +42°,Maybach HL62TR,,,,Gasoline (Petrol),170,40/20 km/h,140/95,"6 forward, 1 reverse",4.8,,0.85,0.56,1.70,11.7 psi,28cm,240cm,30mm @75°,15mm @90°,15mm @71°,5mm @0°,20mm @60°,15mm @90°,8mm @90°,10mm @0°,,,,,
germany,PzKpfw 35(t),https://www.onwar.com/wwii/tanks/germany/ge049pz35.html,,Light Tank,4,,219*,1935-1938,,2.1,2.35,10500,0.35,FuG37(t),37mm KwK 34(t) L/40,"2 x 7.92mm MG37(t) (coaxial,
    bow)",,Manual (360°),-10° to +25°,Skoda T11,,,,Gasoline (Petrol),153,35 km/h,190/115,"6 forward, 6 reverse",4.9,,0.79,0.79,2.01,7.4 psi,32cm,314cm,25mm @80°,15mm @76°,15mm @75°,8mm @0°&9°,25mm @73°,16mm @90°,15mm @30°,8mm @0°&5°,25mm @80°,15mm @80°,15mm @80°,10mm @0°,25mm @round
germany,PzKpfw 38(t) Ausf. A,https://www.onwar.com/wwii/tanks/germany/ge051pz38ta.html,,Light Tank,4,,150,May-November 1939,,2.12,2.37,9400,0.40,FuG37(t),37mm KwK 38(t) L/47.8,"2 x 7.92mm MG37(t) (coaxial,
    bow)",,Manual (360°),-10° to +25°,Praga EPA,,,,Gasoline (Petrol),218,42/15 km/h,230/165,"5 forward, 1 reverse",4.5,,0.9,0.8,1.86,8.3 psi,29.3cm,292cm,30mm @74°,15mm @90°,15mm @78°,8mm @0°,25mm @73°,15mm @90°,10mm @30°,8mm @0°,25mm @80°,15mm @80°,15mm @80°,10mm @0°,25mm @round
germany,PzKpfw 38(t) Ausf. E,https://www.onwar.com/wwii/tanks/germany/ge052pz38te.html,,Light Tank,4,,275,Nov. 1940 - 1941,,2.14,2.40,9850,0.40,FuG5,37mm KwK 38(t) L/47.8,"2 x 7.92mm MG37(t) (coaxial,
    bow)",,Manual (360°),-10° to +25°,Praga EPA,,,,Gasoline (Petrol),218,42/15 km/h,230/165,"5 forward, 1 reverse",4.5,29°,0.9,0.8,1.86,8.2 psi,29.3cm,292cm,25+25mm @74°,15mm @90°,15mm @78°,8mm @0°,25+25mm @73°,15+15mm @90°,10mm @30°,8mm @0°,25+25mm @80°,30mm @80°,22mm @80°,15mm @0°,25mm @round
germany,PzKpfw 38(t) neuer Art,https://www.onwar.com/wwii/tanks/germany/ge050pz38na.html,,Light/Recon Tank,4,,15,early 1942,5.0,,2.4,14800,n.a.,,3.7cm KwK38(t) L/47.8,1 x 7.92mm MG37(t),,Manual (360°),-10° to +25°,Praga V-8,,,,Gasoline (Petrol),n.a.,62 km/h,200,"4 forward, 1 reverse",n.a.,n.a.,n.a.,n.a.,n.a.,n.a.,n.a.,n.a.,,,,,,,,,,,,,
germany,Panzerjäger 38(t),https://www.onwar.com/wwii/tanks/germany/ge016marder3.html,,SP AT Gun,4,,344 + 19 converted*,Apr.-Oct. 1942,5.85,2.16,2.50,10700,0.40,FuG  Spr d,76.2mm PaK36(r),1 x 7.92mm MG37(t) (bow),,Manual (21° L - 21° R),-14° to +25°,Praga EPA or EPA/2,,,,Gasoline (Petrol),218,42/15 km/h,185/140,"5 forward, 1 reverse",n.a.,,0.90,0.85,1.90,9.8 psi,29.3,2.92,50mm @74°,15mm @90°,15mm @74°,10+8mm @0°,50mm @73°,16mm @79°&76°,10mm @65°,10mm @0°,,,,,
germany,Grille (Ausf. H),https://www.onwar.com/wwii/tanks/germany/ge007grilleh.html,,SP Gun,5,,90,Feb.-Apr. 1943,4.61,,2.4,11500,n.a.,,15cm sIG33/1 L/12,"1 x 7.92mm MG34
    (Loose)",,Manual (5° L - 5° R),-3° to +72°,Praga EPA/2,,,,Gasoline (Petrol),n.a.,35 km/h,185,"5 forward, 1 reverse",n.a.,n.a.,n.a.,n.a.,n.a.,n.a.,n.a.,n.a.,50mm @75°,15mm @90°,15mm @74°,8mm @0°,25mm @78°,15mm,15mm @80°,open,,,,,15mm @78°
germany,Marder III (Ausf. M),https://www.onwar.com/wwii/tanks/germany/ge017marder3m.html,,Tank Destroyer,4,,975,Apr. 1943 - May 1944,,2.15,2.48,10500,0.40,FuG Spr d,75mm PaK 40/3 L/46,1 x 7.92mm MG34 (loose),,Manual (21° L to 21° R),-5° to +13°,Praga AC,,,,Gasoline (Petrol),218,42 km/h,190,"5 forward, 1 reverse",n.a.,,0.90,0.84,2.08,8.6 psi,n.a.,n.a.,15mm @75°,15mm @90°,10mm @59°,10mm @0°,10mm @60°,10mm @75°,10mm @90°,8mm @0°,,,,,
germany,Flakpanzer 38(t),https://www.onwar.com/wwii/tanks/germany/ge006flkpz38t.html,,SP AA Gun,4,BMM,140 + 1 converted,Nov. 1943-Feb. 1944,4.61,,2.25,9800,n.a.,,2cm FlaK38 L/112.5,,,Manual (360°),-5° to +90°,Praga AC,,,,Gasoline (Petrol),n.a.,42 km/h,210,"5 forward, 1 reverse",n.a.,n.a.,n.a.,n.a.,n.a.,n.a.,n.a.,n.a.,15mm @75°,15mm @90°,10mm @49°,10mm @0°,10mm @23°,10mm @65°,10mm @65°,8mm @0°,,,,,
germany,Aufklärer auf Fgst 38(t),https://www.onwar.com/wwii/tanks/germany/ge003aufk38t.html,,Recon Tank,4,,50 converted,Feb.-Mar. 1944,4.51,,2.17,9750,n.a.,,2cm KwK38 L/55,1 x 7.92mm MG34 (coaxial),,Manual (360),-4 to +70,Praga EPA/2,,,,Gasoline (Petrol),n.a.,42 km/h,210,"5 forward, 1 reverse",n.a.,n.a.,n.a.,n.a.,n.a.,n.a.,n.a.,n.a.,50mm @75°,15mm @90°,15mm @78°,8mm @0°,50mm @65°,15mm @60°,15mm @90°,8mm @0°,30mm @50°,8mm @50°,8mm @50°,open,30mm @round
germany,Hetzer,https://www.onwar.com/wwii/tanks/germany/ge008hetzer.html,,Tank Destroyer,4,,2584,Apr. 1944-May 1945,6.27/4.87,2.63,2.17,15750,0.41,FuG5 and FuG Spr f,75mm PaK39 L/48,1 x 7.92 MG34 or MG42 (roof mount),,"Manual (5° L, 11° R)",-6° to +12°,Praga EPA AC/2,,,,Gasoline (Petrol),386,42/16 km/h,178/97,"5 forward, 1 reverse",4.5,,0.89,0.65,1.31,11.4 psi,35cm,269cm,60mm@50°,20mm@75°,20mm@75°,10mm@0°,60mm@30°,20mm@50°,8mm@20°,8mm@0°,,,,,60mm@Saukopf.
germany,15cm sIG33/2 auf Hetzer,https://www.onwar.com/wwii/tanks/germany/ge058sig33hetzer.html,,SP Gun,4,,24 + 6 converted,Dec. 1944-?,4.87,,2.2,16500,n.a.,,15cm sIG33/2 (Sf),1 x 7.92mm MG34 or MG42 (loose),,Manual (5°L - 5°R),-0° to 73°,Praga AC/2,,,,Gasoline (Petrol),n.a.,32 km/h,130,"5 forward, 1 reverse",n.a.,n.a.,n.a.,n.a.,n.a.,n.a.,n.a.,n.a.,60mm @50°,20mm @75°,20mm @75°,10mm @0°,60mm @30°&50°,20mm @50°,8mm @70°,open,,,,,10mm @81°
germany,PzKpfw III Ausf. F,https://www.onwar.com/wwii/tanks/germany/ge034pz3f.html,,Medium Tank,5,,435,Sept. 1939-July 1940,5.38,2.91,2.44,19500,0.385,,37mm KwK L/46.2,"2 x 7.92mm MG34 (coaxial, bow)",,Manual (360°),-10° to +20°,Maybach HL120TRM,"V12, 11.9 liters",,,Gasoline (Petrol),320,40/18 km/h,165/95,"10 forward, 1 reverse",5.85,30°,0.8,0.6,2.3,14.4 psi,36 cm,286 cm,30mm @69°,30mm @90°,21mm @80°,16mm @0°,30mm @81°,30mm @90°,21mm @61°,17mm @0-13°,30mm @75°,30mm @65°,30mm @69-90°,12mm @0-7°,30mm @round
germany,PzKpfw III Ausf. G,https://www.onwar.com/wwii/tanks/germany/ge035pz3g.html,,Medium Tank,5,,600,Apr. 1940-Feb. 1941,5.38,2.91,2.44,19500,0.385,,37mm KwK L/46.2 or 50mm KwK 38 L/42,"2 x 7.92mm MG34 (coaxial, bow)",,Manual (360°),-10° to +20°,Maybach HL120TRM,,,,Gasoline (Petrol),320,40/18 km/h,165/95,"10 forward, 1 reverse",5.85,30°,0.8,0.6,2.3,14.4 psi,36 cm,286 cm,30mm @69°,30mm @90°,30mm @80°,16mm @0°,30mm @81°,30mm @90°,30mm @60°,17mm @0-13°,30mm @65°,30mm @65°,30mm @69-90°,12mm @0-7°,37mm @45-90°
germany,PzKpfw III Ausf. H,https://www.onwar.com/wwii/tanks/germany/ge036pz3h.html,,Medium Tank,5,,308,Oct. 1940-Apr. 1941,5.52,2.95,2.50,21600,0.385,,50mm KwK 38 L/42,"2 x 7.92mm MG34 (coaxial, bow)",,Manual (360°),-10° to +20°,Maybach HL120TRM,,,,Gasoline (Petrol),320,40/18 km/h,165/95,"6 forward, 1 reverse",5.85,30°,0.8,0.6,2.6,13.5 psi,40 cm,286 cm,30+30mm @67°,30mm @90°,30+30mm @82°,16mm @0°,30+30mm @81°,30mm @90°,30mm @60°,17mm @0-13°,30mm @77°,30mm @65°,30mm @77°,10mm @0-5°,37mm @45-90°
germany,PzKpfw III Ausf. J,https://www.onwar.com/wwii/tanks/germany/ge037pz3j.html,,Medium Tank,5,,1549,Mar. 1941-July 1942,5.56,2.95,2.50,21500,0.4,,50mm KwK 38 L/42,"2 x 7.92mm MG34 (coaxial, bow)",,Manual (360°),-10° to +20°,Maybach HL120TRM,,,,Gasoline (Petrol),320,40/19 km/h,145/85,"6 forward, 1 reverse",5.85,30°,0.8,0.6,2.0,13.6 psi,40 cm,286 cm,50mm @69°,30mm @90°,50mm @80°,16mm @0°,50mm @81°,30mm @90°,50mm @75°,17mm @0-15°,30mm @75°,30mm @65°,30mm @78°,10mm @0-7°,50mm @45-90°
germany,PzKpfw III Ausf. L,https://www.onwar.com/wwii/tanks/germany/ge038pz3l.html,,Medium Tank,5,,653,June-December 1942,5.56,2.95,2.50,21300,0.4,,50mm KwK 39 L/60,"2 x 7.92mm MG34 (coaxial, bow)",,Manual (360°),-10° to +20°,Maybach HL120TRM,,,14.0 hp/tonne,Gasoline (Petrol),320,40/19 km/h,155/95,"6 forward, 1 reverse",5.85,30°,0.8,0.6,2.0,13.6 psi,40 cm,286 cm,50mm @69°,30mm @90°,50mm @81°,16mm @0°,50+20mm @81°,30mm @90°,50mm @73°,18mm @011°,57mm @65°,30mm @65°,30mm @78°,10mm @0-7°,50+20mm @45-90°
germany,PzKpfw III Ausf. M,https://www.onwar.com/wwii/tanks/germany/ge039pz3m.html,,Medium Tank,5,,250,Oct. 1942-Feb. 1943,6.41,2.95,2.50,22700,0.41,,50mm KwK39 L/60,"2 x 7.92mm MG34 (coaxial, bow)",,Manual (360°),-10° to +20°,Maybach HL120TRM,,,,Gasoline (Petrol),320,40/19 km/h,155/97,"6 forward, 1 reverse",n.a.,30°,1.30,0.60,2.59,13.4 psi,40 cm,286 cm,50mm @69°,30mm @90°,50mm @81°,16mm @0°,50+20mm @81°,30mm @90°,50mm @73°,18mm @0-11°,57mm @75°,30mm @65°,30mm @78°,10mm @0-7°,50+20mm @45-90°
germany,PzKpfw III Ausf. N,https://www.onwar.com/wwii/tanks/germany/ge040pz3n.html,,Medium Support Tank,5,,663,June 1942 - Aug. 1943,5.65,2.95,2.50,23000,0.39,,75mm KwK L/24,"2 x 7.92mm MG34 (coaxial, bow)",,Manual (360°),-8° to +20°,Maybach HL120TRM,,,,Gasoline (Petrol),320,40/19 km/h,155/95,"6 forward, 1 reverse",5.8,30°,1.3,0.6,2.0,14.6 psi,40 cm,286 cm,50mm @69°,30mm @90°,50mm @81°,16mm @0°,50+20mm @81°,30mm @90°,50mm @73°,18mm @0-11°,57mm @75°,30mm @65°,30mm @78°,10mm @0-7°,50mm @45-90°
germany,sIG 33B,https://www.onwar.com/wwii/tanks/germany/ge057sig33b.html,Sturminfanteriegeschutz 33B,Armored SP Gun,5,,24,Dec. 1941-Oct. 1942,5.4,2.9,2.3,21000,0.40,,150mm Stu. I.G. L/11,1 x 7.92mm MG34 (hull),,Manual (3° L -3°R),-3° to +25°,Maybach HL120TRM,,,,Gasoline (Petrol),320,20 km/h,110/85,"6 forward, 1 reverse",5.85,30°,0.80,0.60,2.30,12.7 psi,40 cm,286 cm,30+50/50mm@79°,30mm@90°,30/50mm@80°,16mm@0°,80mm@80°,50mm@65°,15mm@90°,10mm@0°,,,,,30mm@80°
germany,StuG III Ausf. A,https://www.onwar.com/wwii/tanks/germany/ge059stug3a.html,,Assault Gun,4,,30,Jan. 1940 -May 1940,5.38,2.92,1.95,19600,0.385,,75mm StuK. 37 L/24,,,"Manual (12° L, 12° R)",-10° to +20°,Maybach HL120TRM,,,,Gasoline (Petrol),,30 km/h,160/100,"10 forward, 4 reverse",5.85,30°,0.80,0.60,2.30,13.3 psi,36 cm,286 cm,50mm @69°,30mm @90°,30mm @60°&80°,16mm @0°,50mm @80°,30mm @90°,30mm @60°,11mm @0-12°,,,,,n.a.
germany,StuG III Ausf. B,https://www.onwar.com/wwii/tanks/germany/ge060stug3b.html,,Assault Gun,4,,320,June 1940 - May 1941,5.40,2.95,1.96,22000,0.375,,75mm StuK. 37 L/24,,,"Manual (12° L, 12° R)",-10° to +20°,Maybach HL120TRM,,,,Gasoline (Petrol),310,40/24 km/h,165/95,"6 forward, 1 reverse",5.85,30°,0.8,0.6,2.45,13.5 psi,40 cm,286 cm,50mm @69°,30mm @90°,30mm @60°&80°,16mm @0°,50mm @80°,30mm @79°,30mm @60°,11mm @0-12°,,,,,50mm @75°
germany,StuG III Ausf. D,https://www.onwar.com/wwii/tanks/germany/ge061stug3d.html,,Assault Gun,4,,150,May 1941 - Sept. 1941,5.4,,1.98,20200,0.38,,75mm StuK. 37 L/24,,,"Manual (12° L, 12° R)",-10° to +20°,Maybach HL120TRM,,,,Gasoline (Petrol),310,40 km/h,165/94,"6 forward, 1 reverse",5.85,30°,0.80,0.60,2.59,13.2 psi,40 cm,286 cm,50mm @69°,30mm @90°,30mm @60°&80°,16mm @0°,50mm @80°,30mm @90°,30mm @60°,11mm @0-1°,,,,,50mm @75°
germany,StuG III Ausf. E,https://www.onwar.com/wwii/tanks/germany/ge062stug3e.html,,Assault Gun,4,,272,Sep. 1941-Mar.1942,5.4,2.93,1.98,20800,0.38,,75mm StuK37 L/24,1 x 7.92mm MG34 (loose),,Manual (12° L - 12° R),-10° to+20°,Maybach HL120TRM,,,,Gasoline (Petrol),300,40 km/h,165/95,"6 forward, 1 reverse",5.85,30°,0.80,0.60,2.59,13.2 psi,40 cm,286 cm,50mm @69°,30mm @90°,30mm @60°&80°,16mm @0°,50mm @80°,30mm @90°,30mm @60°,17mm @0-12°,,,,,50mm @75°
germany,StuG III Ausf. F,https://www.onwar.com/wwii/tanks/germany/ge063stug3f.html,,Assault Gun,4,,359,Mar. 1942 - Sept. 1942,6.31,,2.15,21600,0.39,,75mm StuK. 40 L/43 or L/48,1 x 7.92mm MG34 (loose),,"Manual (10° L, 10° R)",-6° to +20°,Maybach HL120TRM,,,,Gasoline (Petrol),310,40 km/h,165/95,"6 forward, 1 reverse",5.85,30°,0.80,0.60,2.30,13.2 psi,40 cm,286 cm,50/50+30mm @69°,30mm @90°,30mm @60°,16mm @0°,50/50+30mm @80°,30mm @80°,30mm @60°,11mm @0-12°,,,,,50mm @90°
germany,StuG III Ausf. G,https://www.onwar.com/wwii/tanks/germany/ge064stug3g.html,,Assault Gun,4,,"7720+173 converted from PzKpfw
    III",Dec. 1942 - Mar. 1945,6.85,,2.16,23900,0.39,,75mm StuK. 40 L/48,1 or 2 x 7.92mm MG34 (loose),,"Manual (10° L, 10° R)",-6° to +20°,Maybach HL120TRM,,,,Gasoline (Petrol),310,40 km/h,155/95,"6 forward, 1 reverse",5.85,30°,0.8,0.6,2.45,13.5 psi,40 cm,286 cm,50+30/80mm @69°,30mm @90°,50mm @80°,16mm @0°,50+30/80mm @80°,30mm @79°,30mm @90°,11-17mm @0-15°,,,,,80mm @Saukopf
germany,PzKpfw IV Ausf. A,https://www.onwar.com/wwii/tanks/germany/ge041pz4a.html,,Medium Tank,5,,35,Oct. 1937- Mar. 1938,5.6,2.9,2.65,18400,0.40,,75mm KwK37 L/24,"2 x 7.92mm MG34
    (coaxial, bow)",,Electric (360°),-10° to +30°,Maybach HL108TR,,,,Gasoline (Petrol),470,31/17 km/h,150/100,"5 forward, 1 reverse",5.92,35°,0.80,0.60,2.30,9.2 psi,38 cm,352 cm,15mm @78°,15mm @90°,15mm @80°,5mm @0°,15mm @83°,15mm @90°,15mm @80°,12mm @0-5°,15mm @80°,15mm @65°,15mm @65-90°,10mm @0-7°,15mm @round
germany,PzKpfw IV Ausf. C,https://www.onwar.com/wwii/tanks/germany/ge042pz4c.html,Panzerkampfwagen IV Ausf. C (SdKfz 161),Medium Tank,5,,134,Sep.1938-Aug.1939,5.92,2.83,2.68,19000,0.40,,75mm KwK37 L/24,1 x 7.92mm MG34 (coaxial),,Electric (360°),-10° to +20°,Maybach HL120TR or HL120TRM,,,,Gasoline (Petrol),470,40/20 km/h,200/130,"6 forward, 1 reverse",5.92,30°,0.80,0.60,2.30,10.7 psi,38 cm,352 cm,30mm @78°,15mm @90°,15mm @80°,5mm @0°,30mm @83°,15mm @90°,15mm @80°,12mm @0-5°,30mm @80°,15mm @65°,15mm @66-90°,10mm @0-7°,30mm @round
germany,PzKpfw IV Ausf. D,https://www.onwar.com/wwii/tanks/germany/ge043pz4d.html,,Medium Tank,5,,229,Oct. 1939-May 1941,5.92,2.84,2.68,20000,0.4,,75mm KwK 37 L/24,"2 x 7.92mm MG34 (coaxial, bow)",,Electric (360°),-8° to +20°,Maybach HL120TRM,,,,Gasoline (Petrol),470 (3 tanks),42/20 km/h,200/130,"6 forward, 1 reverse",5.92,30°,1.0,0.6,2.3,11.2 psi,38 cm,352 cm,30mm @78°,20mm @90°,20mm @80°,10mm @0°,30mm @83°,20mm @90°,20mm @81°,12mm @0-6°,30mm @80°,20mm @65°,20mm @66-90°,10mm @0-7°,35mm @61-90°
germany,PzKpfw IV Ausf. F,https://www.onwar.com/wwii/tanks/germany/ge044pz4f.html,,Medium Tank,5,,462,Apr. 1941-Mar. 1942,5.92,2.88,2.68,22300,0.4,,75mm KwK 37 L/24,"2 x 7.92mm MG34 (coaxial, bow)",,Electric (360°),-8° to +20°,Maybach HL120TRM,,300hp @3000rpm,,Gasoline (Petrol),470 (3 tanks),42/20 km/h,200/130,"6 forward, 1 reverse",5.92,30°,1.0,0.6,2.3,11.5 psi,40 cm,352 cm,50mm @78°,30mm @90°,20mm @81°,10mm @0°,50mm @80°,30mm @90°,20mm @78°,12mm @0-5°,50mm @79°,30mm @64°,30mm @74°,10mm @0-7°,50mm @60-90°
germany,PzKpfw IV Ausf. F2,https://www.onwar.com/wwii/tanks/germany/ge045pz4f2.html,,Medium Tank,5,,175+25 (converted F),March-July 1942,6.63,2.88,2.68,23000,0.4,,75mm KwK 40 L/43,"2 x 7.92mm MG34 (coaxial, bow)",,Electric (360°),-8° to +20°,Maybach HL120TRM,,,,Gasoline (Petrol),470 (3 tanks),40/16 km/h,210/130,"6 forward, 1 reverse",5.92,30°,1.0,0.6,2.2,11.8 psi,40 cm,352 cm,50mm @78°,30mm @90°,20mm @81°,10mm @0°,50mm @80°,30mm @90°,20mm @78°,12mm @0-5°,50mm @79°,30mm @64°,30mm @74°,10mm @0-7°,50mm @60-90°
germany,PzKpfw IV Ausf. G,https://www.onwar.com/wwii/tanks/germany/ge046pz4g.html,,Medium Tank,5,,1687,May 1942 - June 1943,6.62,,2.68,23500,0.4,,75mm KwK 40 L/43,"2 x MG34 (coaxial, bow)",,Electric (360°),-8° to +20°,Maybach HL120TRM,,,,Gasoline (Petrol),470 (3 tanks),40/16 km/h,210/130,"6 forward, 1 reverse",5.92,30°,1,0.6,2.2,11.8 psi,40 cm,352 cm,50/50+30mm @78°,30mm @90°,20mm @81°,10mm @0°,50/50+30mm @80°,30mm @90°,20mm @78°,12mm @0-5°,50mm @79°,30mm @64°,30mm @80°,10mm @0-7°,50mm @60-90°
germany,PzKpfw IV Ausf. H,https://www.onwar.com/wwii/tanks/germany/ge047pz4h.html,,Medium Tank,5,,3774,Apr. 1943 - July 1944,7.02,,2.68,26000,0.4,,75mm KwK 40 L/48,"2 x MG34 (coaxial, bow)",,Electric (360°),-8° to +20°,Maybach HL120TRM,,,,Gasoline (Petrol),470 (3 tanks),38/16 km/h,210/130,"6 forward, 1 reverse",5.92,30°,1.2,0.6,2.2,12.6 psi,40 cm,352 cm,80mm @76°,30mm @90°,20mm @82°,10mm @0°,80mm @80°,30mm @90°,20mm @79°,12mm @0-5°,50mm @80°,30mm @64°,30mm @75°,15mm @0-7°,50mm @60-90°
germany,PzKpfw IV Ausf. J,https://www.onwar.com/wwii/tanks/germany/ge048pz4j.html,,Medium Tank,5,,1758,June 1944 - Mar. 1945,7.02,,2.68,25000,0.4,,75mm KwK 40 L/48,"2 x MG34 (coaxial, bow)",,Manual (360°),-8° to +20°,Maybach HL120TRM,,,,Gasoline (Petrol),680 (4 tanks),38/16 km/h,320/210,"6 forward, 1 reverse",5.92,30°,1.2,0.6,2.2,12.6 psi,40 cm,352 cm,80mm @75°,30mm @90°,20mm @80°,10mm @0°,80mm @82°,30mm @90°,20mm @80°,12mm @0-5°,50mm @80°,30mm @65°,30mm @75°,18mm @4°,50mm @60-90°
germany,Sturmgeschutz IV,https://www.onwar.com/wwii/tanks/germany/ge065stug4.html,,Assault Gun,4,,"1108 + 31 converted from PzKpfw
    IV",Dec. 1943 - Mar. 1945,6.70,,2.20,23000,0.40,,75mm StuK40 L/48,1 x 7.92mm MG34 (loose),,"Manual (10° L, 10° R)",-6° to +20°,Maybach HL120TRM,,,,Gasoline (Petrol),,38 km/h,210/130,"6 forward, 1 reverse",5.92,30°,1.2,0.6,2.2,11.4 psi,40 cm,352 cm,80mm @76°,30mm @90°,20mm @80°,10mm @0°,80mm @80°,30mm @79°,30mm @90°,11mm @0-15°,,,,,80mm @Saukopf
germany,Jagdpanzer IV,https://www.onwar.com/wwii/tanks/germany/ge010jagdpanzer4.html,,Tank Destroyer,4,,769,Jan. 1944 - Nov. 1944,6.85,,1.85,24000,0.40,,75mm PaK 39 L/48,1 x 7.92mm MG42 (loose),,"Manual (10° L, 10° R)",-5° to +15°,Maybach HL120TRM,,,,Gasoline (Petrol),,40 km/h,210/130,"6 forward, 1 reverse",5.92,30°,1.0,0.6,2.2,12.2 psi,40 cm,352 cm,50mm @35°,30mm @90°,20mm @81°,10mm @0°,60mm @40°,30mm @60°,20mm @55°,20mm @0°,,,,,80mm @Saukopf
germany,Panzer IV/70 (A),https://www.onwar.com/wwii/tanks/germany/ge053pz470a.html,,Tank Destroyer,4,,278,Aug.1944-Mar.1945,8.44,2.88,2.35,28000,0.40,,75mm PaK42 L/70,1 x 7.92mm MG42 (loose),,Manual (10° L - 10° R),-5° to +15°,"Maybach HL120TRM or HL120TRM
    112","V12, 11.9 liters",,,Gasoline (Petrol),680,38 km/h,320/210,"6 forward, 1 reverse",10.8,n.a.,1.00,0.60,2.20,14.0 psi,40 cm,352 cm,30mm @26°(lower),30mm @90°,20mm @90°,10mm @0°,20mm @17°(glacis),40mm @60°,20mm @90°(lower),10mm @0°,,,,,80mm @Saukopf
germany,Panzer IV/70 (V),https://www.onwar.com/wwii/tanks/germany/ge054pz470v.html,,Tank Destroyer,4,,930,Aug.1944-Mar.1945,8.5,3.17,1.85,25800,0.40,,75mm PaK42 L/70,1 x 7.92mm MG42 (loose),,Manual (10° L - 10° R),-5° to +15°,Maybach HL120TRM,,,,Gasoline (Petrol),470,35/16 km/h,210/130,"6 forward, 1 reverse",5.92,30°,1.00,0.60,2.20,12.8 psi,40 cm,357 cm,50mm @35°(lower),30mm @90°,20mm @81°(lower),12+10mm or 10mm @0°,80mm @40°,40mm @60°,20mm @55°,20mm @0°,,,,,80mm @Saukopf
germany,Brummbar,https://www.onwar.com/wwii/tanks/germany/ge004brummbar.html,,Heavy Assault Gun,5,,"298 + 8 converted from PzKpfw
    IV",Apr.1943-Mar.1945,5.93,2.88,2.52,28200,0.40,,150mm StuH43 L/12,"1 or 2 x 7.92 MG34 (loose, hull mounted)*",,Manual (10° L - 10° R),-5° to +30°,Maybach HL120TRM or HL120TRM112,,,,Gasoline (Petrol),470,38/15 km/h,210/130,"6 forward, 1 reverse",5.92,30°,0.95,0.60,2.02,13.9 psi,40 cm,352 cm,80mm @78°,30mm @90°,20mm @80°,10mm @0°,100mm @50°,50mm @75°,30mm @65°&90°,"20mm @7°, 10@0°",,,,,
germany,Nashorn,https://www.onwar.com/wwii/tanks/germany/ge019nashorn.html,,Tank Destroyer,4,,494,Feb. 1943 - Mar. 1945,8.44,,2.65,24000,0.40,,88mm PaK43/1 L/71,1 x 7.92mm MG34 (loose),,"Manual (15° L, 15° R)",-5° to +20°,Maybach HL120TRM,,,,Gasoline (Petrol),470,40/24 km/h,200/130,"6 forward, 1 reverse",5.92,30°,1.00,0.60,2.30,12.1 psi,40 cm,380 cm,30mm @70°,20mm @74°,20mm @80°,15mm @0°,10mm @53°,10mm @74°,10mm @80°,open,,,,,10mm @53°
germany,Hummel,https://www.onwar.com/wwii/tanks/germany/ge009hummel.html,,SP Gun,6,,100+,1943-1945,7.17,2.97,2.81,24000,0.40,,150mm sFH18/1 L/30,1 x 7.92mm MG34 (loose),,Manual (15° L - 15° R),-3° to +42°,Maybach HL120TRM,,,,Gasoline (Petrol),470,42/24 km/h,215/130,"6 forward, 1 reverse",5.92,30°,1.00,0.60,2.35,12.1 psi,40 cm,380 cm,30mm @70°,20mm @90°,20mm @80°,15mm @0°,10mm @63°,10mm @74°,10mm @80°,open,,,,,
germany,Panther D,https://www.onwar.com/wwii/tanks/germany/ge024pantherd.html,,Medium/Heavy Tank,5,,850,Jan. 1943 - Sept. 1943,8.66/6.87,,2.85,44800,0.56,,75mm KwK 42 L/70,"2 x 7.92mm MG34 (coaxial, bow)",,Hydraulic (360°),-8° to +18°,Maybach HL230P30,,,,Gasoline (Petrol),720,46-55/30 km/h,250/100,"7 forward, 1 reverse",10.0,30°,1.9,0.9,2.45,12.8 psi,66cm,392cm,60mm @35°,40mm @90°,40mm @60°,16-30mm @0°,80mm @35°,40mm @50°,-,16mm @0°,100mm @80°,45mm @65°,45mm @65°,16mm @0-7°,100mm @round
germany,Panther A,https://www.onwar.com/wwii/tanks/germany/ge023panthera.html,,Medium/Heavy Tank,5,,2000,Aug. 1943 - May 1944,8.66/6.60,,3.00,44800,0.56,,75mm KwK 42 L/70,"2 x 7.92mm MG34 (coaxial, bow)",,Hydraulic (360°),-8° to +18°,Maybach HL230P30,,,,Gasoline (Petrol),720,46-55/30 km/h,250/100,"7 forward, 1 reverse",10.0,30°,1.9,0.9,2.45,12.8 psi,66cm,392cm,60mm @35°,40mm @90°,40mm @60°,16-30mm @0°,80mm @35°,40mm @50°,-,16mm @0°,110mm @79°,45mm @65°,45mm @65°,16mm @0-6°,100mm @round
germany,Panther G,https://www.onwar.com/wwii/tanks/germany/ge026pantherg.html,,Medium/Heavy Tank,5,,3126,Mar. 1944 - Apr. 1945,8.66/6.60,,2.85,45500,0.56,,75mm KwK 42 L/70,"2 x 7.92 mm MG34 (coaxial, bow)",,Hydraulic (360°),-8° to +18°,Maybach HL230P30,,,,Gasoline (Petrol),720,46-55/30 km/h,250/100,"7 forward, 1 reverse",10.0,30°,1.9,0.9,2.45,12.8 psi,66cm,392cm,60mm @35°,40mm @90°,40mm @60°,16-30mm @0°,80mm @35°,50mm @60°,-,40&16mm @0°,110mm @79°,45mm @65°,45mm @65°,16mm @0-6°,100mm @round
germany,Panther F,https://www.onwar.com/wwii/tanks/germany/ge025pantherf.html,,Medium Tank,5,,prototypes only,1945,8.86,,2.92,45000,n.a.,n.a.,75mm KwK42/1 L/70,,,Hydraulic (360°),-8° to +20°,"Maybach, HL230P30",,,,Gasoline (Petrol),n.a.,55 km/h,200,"7 forward, 1 reverse",n.a.,n.a.,n.a.,n.a.,n.a.,n.a.,n.a.,n.a.,60mm @35°,40mm @90°,40mm @60°,16-30mm @0°,80mm @35°,50mm @60°,-,25mm @0°,120mm @70°,60mm @65°,60mm @65°,40mm @0°,120mm @Saukopf
germany,Jagdpanther,https://www.onwar.com/wwii/tanks/germany/ge011jagdpanther.html,,Tank Destroyer,5,,392,Jan. 1944 - Mar. 1945,9.87/6.60,,2.72,45500,0.56,,88mm PaK 43/3 L/71,1 x 7.92mm MG34 (bow),,"Manual (13° L, 13° R)",-8° to +14°,Maybach HL230P30,,,,Gasoline (Petrol),720,55/30 km/h,250/100,"7 forward, 1 reverse",10.0,30°,1.6,0.9,2.45,12.9 psi,66cm,392cm,60mm @35°,40mm @90°,40mm @65°,16-25mm @00°,80mm @35°,50mm @60°,40mm @55°,25mm @7°,,,,,100mm @Saukopf
germany,Tiger I,https://www.onwar.com/wwii/tanks/germany/ge067tiger1.html,,Heavy Tank,5,,1354,July 1942 - Aug. 1944,8.45,3.7,2.93,57000,0.43,,88mm KwK 36 L/56,"2 x 7.92mm MG34 (coaxial, bow)",,360°,-6.5° to +17°,Maybach HL210P45,,,,Gasoline (Petrol),682,38/16 km/h,140/85,"8 forward, 4 reverse",7.0,30°,1.22-1.56,0.79,2.29,13.9 psi,72.5 cm,361 cm,100mm @66°,60mm @90°,80mm @82°,25mm @0°,100mm @80°,80mm @90°,-,25mm @0°,100mm @82°,80mm @90°,80mm @90°,25mm @0-9°,100-110mm @90°
germany,Sturmtiger,https://www.onwar.com/wwii/tanks/germany/ge066sturmtiger.html,,SP Rocket Mortar,5,,18 converted from Tiger I,Aug.-Dec.1944,6.28,3.57,2.85,65000,0.47,,380mm StuM RW61 L/5.4,1 x 7.92mm MG34 (bow),,Manual (10° L - 10° R),-0° to 85°,Maybach HL230P45,,,,Gasoline (Petrol),540,40 km/h,120/85,"8 forward, 4 reverse",7.0,35°,1.20,0.79,2.30,17.6 psi,72 cm,381 cm,100mm @65°,60mm @80°,80mm @81°,25mm @0°,150mm @45°,80mm @60°&90°,80mm @90°,25-40mm @0°,,,,,n.a.
germany,Elefant,https://www.onwar.com/wwii/tanks/germany/ge005elefant.html,,Assault Gun,6,,90,Apr. 1943 - May 1943,8.14,3.38,2.97,65000,0.48,,88mm PaK 43/2 L/71,"2 x 7.92 mm MG34 (bow, loose)*",,Manual (14° L 14° R),-8° to +14°,2 x Maybach HL120TRM,,,,Gasoline (Petrol),,30/n.a. km/h,150/90,Continuous,2.15,22°,1.00,0.78,2.64,17.6 psi,65 cm,419 cm,100+100mm @55°,60mm @90°,80mm @90°,20-50mm @0°,200mm @65°,80mm @60°,80mm @70°,30mm @4°,,,,,25mm @90° + 100mm @round
germany,Tiger II,https://www.onwar.com/wwii/tanks/germany/ge068tiger2.html,,Heavy Tank,5,,489,Jan. 1944 - Mar. 1945,10.3,,3.08,70000,0.49,,88mm KwK 43 L/71,"2 x 7.92 mm MG34 (coaxial, bow)",,Hydraulic (360°),-7.4° to +15°,Maybach HL230P30,,,,Gasoline (Petrol),1036,35-42/14-30 km/h,170/120,"8 forward, 4 reverse",4.8,35°,1.63,0.85,3.00,13.7 psi,80 cm,413 cm,100mm @40°,80mm @90°,80mm @60°,25-40mm @0°,150mm @40°,80mm @65°,-,40mm @0°,180mm @81°,80mm @69°,80mm @69°,40mm @0-12°,100mm @Saukopf
germany,Jagdtiger,https://www.onwar.com/wwii/tanks/germany/ge012jagdtiger.html,,Heavy Tank Destroyer,6,,77,Jul. 1944 - Mar. 1945,10.65,3.63,2.82,71700,0.46,,128mm PaK 44 L/55,"2 x 7.92 mm MG34 (bow, loose)",,Manual (10° L 10° R),-7.5° to +15°,Maybach HL230P30,,,,Gasoline (Petrol),865,38/17 km/h,170/121,"8 forward, 4 reverse",4.8,35°,1.80,0.85,2.49,15.2 psi,79 cm,424 cm,100mm @40°,80mm @90°,80mm @60°,25-40mm @0°,250mm @75°,80mm @65°,80mm @85°,40mm @5°,,,,,100mm @Saukopf
germany,Maus,https://www.onwar.com/wwii/tanks/germany/ge018maus.html,,Super Heavy Tank,5,,2 prototypes,1944-45,10.09,,3.66,188000,0.57,,128mm KwK 44 L/55,75mm KwK 44 L/36.5 (coaxial),,Power (360°),-7° to +23°,MB509 or MB517 Diesel,"V12, n.a.",,,Gas (Petrol) or Diesel,2700+1500 (external),20/n.a. km/h,192-300/87-135,"2 forward, 2 reverse",0.0,30°,1.63,0.72,3.00,18.6 psi,110 cm,588 cm,200mm @55°,180mm @90°,180mm @60°,40-100mm @0°,200mm @35°,180+100mm @90°,180mm @52°,40-80mm @0°,240mm @round,200mm @60°,200mm @83°,40mm @0°,240mm @Saukopf
germany,4.7cm (t) auf 35R(f),https://www.onwar.com/wwii/tanks/germany/ge001pak47t35r.html,,SP/AT Gun,3,,174 converted,May-Oct.1941,4.3,1.87,2.11,10500,n.a.,,47mm PaK(t) L/43.4,,,Manual (17° L - 17° R),-8° to +12°,Renault,,,7.6 hp/t,Gasoline (Petrol),n.a.,19 km/h,140,"4 forward, 1 reverse",n.a.,n.a.,n.a.,n.a.,n.a.,n.a.,n.a.,n.a.,32mm @round,40mm @90°,40mm @55°,14mm @0°,32mm @75°,40mm @80°,40mm @79°,15mm @0°,,,,,20mm @60°
germany,7.5cm PaK40 auf 39H(f),https://www.onwar.com/wwii/tanks/germany/ge022pak4039h.html,,SP AT Gun,4,,24 converted,1942,n.a.,n.a.,n.a.,12500,n.a.,,75mm PaK40 L/46,1 x 7.92mm MG34 (loose),,Manual (30° L - 30° R),-5° to +22°,Hotchkiss,,,,Gasoline (Petrol),n.a.,36 km/h,150,"5 forward, 1 reverse",n.a.,n.a.,n.a.,n.a.,n.a.,n.a.,n.a.,n.a.,29-34mm @60°,34mm @90°,22mm @60°,12mm @0°,20mm @60°,20mm @50°,10mm @70°,-,,,,,
germany,7.5cm PaK40 auf GWL(f),https://www.onwar.com/wwii/tanks/germany/ge021pak40lorraine.html,,SP AT Gun,5,,170,Jul.-Aug.1942,,1.88,2.13,8000,0.18,,75mm PaK40/1 L/46,1 x 7.92mm MG34 (loose),,Manual (32° L - 32° R),-5° to 22°,DelaHaye 103TT,,,,Gasoline (Petrol),111,34/13 km/h,135/88,"5 forward, 1 reverse",n.a.,24°,0.85,0.56,1.80,8.7 psi,24 cm,274 cm,12mm @round,9mm @90°,9mm @54°,5mm @0°,9mm @55°,9mm @45°,9mm @55°,5mm @0°,,,,,
germany,10.5cm leFH auf 39H(f),https://www.onwar.com/wwii/tanks/germany/ge014fh1839h.html,,SP AT Gun,4,,48 converted,1942,n.a.,n.a.,n.a.,12500,n.a.,,105mm leFH18 L/28,1 x 7.92mm MG34 (loose),,Manual (30° L - 30° R),-5° to +22°,Hotchkiss,,,,Gasoline (Petrol),n.a.,36 km/h,150,"5 forward, 1 reverse",n.a.,n.a.,n.a.,n.a.,n.a.,n.a.,n.a.,n.a.,29-34mm @60°,34mm @90°,22mm @60°,12mm @0°,20mm @60°,20mm @50°,10mm @70°,-,,,,,
germany,10.5cm leFH auf FCM(f),https://www.onwar.com/wwii/tanks/germany/ge002fh105fcm.html,,SP Gun,4,,,,4.77,2.1,2.23,12800,n.a.,,105mm leFH16 L/22,,,n.a.,n.a.,Berliet MDP,,,,Diesel,n.a.,24 km/h,225,"4 forward, 1 reverse",n.a.,n.a.,n.a.,n.a.,n.a.,n.a.,n.a.,n.a.,40mm @70°,20+20mm @70°&90°,40mm,12mm @0°,20mm @80°,20mm @45°&80°,20mm @25°,20mm @0°,,,,,
germany,15cm auf GWL(f),https://www.onwar.com/wwii/tanks/germany/ge056sfh131lor.html,15cm sFH13/1 (Sf) auf Geschutzenwagen Lorraine Schlepper (f)(Sd.Kfz. 135/1),SP Gun,4,,94,July 1942,5.31,1.83,2.23,8500,0.18,,150mm sFH13/1,,,Manual (5° L - 5° R),0° to 40°,DelaHaye 103TT,,70hp @2800rpm,,Gasoline (Petrol),111,34/13 km/h,135/88,"5 forward, 1 reverse",n.a.,24°,0.85,0.56,1.80,9.2 psi,24 cm,274 cm,12mm @round,9mm @90°,9mm @54°,5mm @0°,9mm @55°,9mm @80°&55°,9mm @79°,6mm @0°,,,,,
hungary,Toldi I,https://www.onwar.com/wwii/tanks/hungary/hu001toldi1.html,,Light Tank,3,,n.a.,n.a.,,,,,,,20mm 36M,8mm 34/37 (coaxial),,(360°),n.a.,L-8-V/36TR,"8 cylinder, 7.9L",,,,,50 km/h,,n.a.,,n.a.,,,,n.a.,,,13mm,13mm,6mm,n.a.,n.a.,n.a.,n.a.,n.a.,13mm,13mm,6mm,n.a.,n.a.
hungary,Toldi IIa,https://www.onwar.com/wwii/tanks/hungary/hu002toldi2a.html,,Light Tank,3,,n.a.,n.a.,,,,,,,40mm 37/42M,8mm 34/40M (coaxial),,(360°),n.a.,L-8-V/36TR,"8 cylinder, 7.9 litres",,,,,48 km/h,,n.a.,,n.a.,,,,n.a.,,,23mm,13mm,6-10mm,n.a.,n.a.,n.a.,n.a.,n.a.,13+20mm,13mm,6mm,n.a.,n.a.
hungary,Toldi III,https://www.onwar.com/wwii/tanks/hungary/hu003toldi3.html,,Light Tank,3,,n.a.,n.a.,,,,,,,40mm 37/42M,8mm 37/42M (coaxial),,(360°),n.a.,L-8-V/36TR,,,,,,48 km/h,,n.a.,,n.a.,,,,n.a.,,,20-35mm,20mm,6-10mm,n.a.,n.a.,n.a.,n.a.,n.a.,35mm,25mm,10mm,n.a.,n.a.
hungary,Turan I,https://www.onwar.com/wwii/tanks/hungary/hu004turan1.html,,Medium Tank,5,,285,Oct. 1941-1944,,,,,,,40mm 41M 40/51,"2 x 8mm 34/40AM MG
    (coaxial, bow)",,(360°),-10° to +25°,Manfred Weisz,,,,Gasoline (Petrol),,47km/h,,"3 forward, 3 reverse",,45°,,,,11.1 psi,n.a.,n.a.,50-60mm,40mm,n.a.,8-25mm,n.a.,n.a.,n.a.,n.a.,50-60mm,25mm,25mm,13mm,n.a.
hungary,Turan II,https://www.onwar.com/wwii/tanks/hungary/hu005turan2.html,,Medium Tank,5,,139,1943-44,,,,,,,75mm 41M 75/25,"2 x 8mm 34/40AM MG
    (coaxial, bow)",,(360°),-10° to +30°,Manfred Weisz,,,,Gasoline (Petrol),,43 km/h,,"3 forward, 3 reverse",,45°,,,,11.8 psi,n.a.,n.a.,50-60mm,40mm,n.a.,8-25,n.a.,n.a.,n.a.,n.a.,50-60mm,25mm,25mm,13mm,n.a.
hungary,Zrinyi II,https://www.onwar.com/wwii/tanks/hungary/hu006zrinyi2.html,,Assault Gun,n.a.,,about 60,1943-44,,,,,,,105mm 40/43M,n.a.,,n.a.,n.a.,Manfred Weisz,,,,n.a.,,n.a.,,n.a.,,n.a.,,,,n.a.,n.a.,n.a.,n.a.,n.a.,n.a.,n.a.,n.a.,n.a.,n.a.,n.a.,n.a.,n.a.,n.a.,n.a.,n.a.
italy,L3/35 20mm,https://www.onwar.com/wwii/tanks/italy/it003l33520.html,,Tankette,n.a.,,n.a.,1935,,,,,,,n.a.,n.a.,,,,n.a.,,,,n.a.,,n.a.,,n.a.,,,,,,n.a.,n.a.,n.a.,n.a.,n.a.,n.a.,n.a.,n.a.,n.a.,n.a.,n.a.,,,,,n.a.
italy,L6/40,https://www.onwar.com/wwii/tanks/italy/it002l640.html,,Light Tank,2,,283,1941-Feb. 1943,,,,,,,20mm Breda M35,"8mm Breda M38
    (coaxial)",,,,SPD 18D,,,,Gasoline (Petrol),,42 km/h,,n.a.,,,,,,n.a.,n.a.,n.a.,,,,,,,,,,,,,
italy,Semovente L40 da 47/32,https://www.onwar.com/wwii/tanks/italy/it008sem4732.html,,Tank Destroyer,3,n.a.,280,1942-1943,,,,,,,47mm L/34,,,,,SPA 18D,,,,Gas,,42 km/h max,,"4 forward, 1 reverse",,,,,,6.9 psi,n.a.,n.a.,38,16,n.a.,n.a.,n.a.,n.a.,n.a.,n.a.,,,,,51
italy,M11/39,https://www.onwar.com/wwii/tanks/italy/it004m1139.html,,Light/Infantry Support,3,,90,1937-1940,,,,,,,37mm (bow),2 x 8mm MG (turret)*,,,,n.a.,,,,n.a.,,33 km/h,,n.a.,,,,,,n.a.,n.a.,n.a.,,,,,,,,,,,,,
italy,M13/40,https://www.onwar.com/wwii/tanks/italy/it005m1340.html,,Medium Tank,4,,779,1940-1941,,,,,,,47mm L/32,"4 x Breda M38 MG (coaxial, 2 x
    bow, AA)",,,,SPA TM40,"Diesel, 8 cylinder",,,Diesel,,32/12 km/h,,"4 forward, 1 reverse",,,,,,13.2 psi,n.a.,n.a.,30@round,25@0°,25@20°,6@90°,30@11°,25@9°,25@0°,14@90°,37@16°,25@22°,25@22°,14@85°,37@round
italy,Semovente M40 da 75/18,https://www.onwar.com/wwii/tanks/italy/it011sem751840.html,,Assault Gun,3,n.a.,n.a.,1941-1942,,,,,,,75mm 75/18 M34,8mm Breda M38 MG (loose),,,,SPA M13(8T),,,,Diesel,,32/15 km/h,,"4 forward, 1 reverse",,,,,,12.2 psi,n.a.,n.a.,30mm @round,25mm @0°,25mm @20°,15mm @81° (front),25+25mm @5°,25mm @12°,25mm @9°,"9mm @84°, 71° & 68°",,,,,50mm
italy,Semovente M41M da 90/53,https://www.onwar.com/wwii/tanks/italy/it009sem9053.html,,Tank Destroyer,21,,48,1941-1943,,,,,,,90mm Model 41 L/53,,,,,SPA 15-TM-41,,,,Diesel,,32 km/h,,"4 forward, 1 reverse",,,,,,13.8 psi,n.a.,n.a.,30mm @round,25mm @0°,open,6mm @90°,41mm @28°,10mm @0°,open,open,,,,,-
italy,Carro Commando M41,https://www.onwar.com/wwii/tanks/italy/it001ccm41.html,,Command Vehicle,4,,n.a.,1941-Sept.44,,,,,,,13.2mm Breda M31 MG,8mm Breda M38 MG (AA),,,,SPA 15T,,,,Diesel,,32/16 km/h,,"4 forward, 1 reverse",,,,,,n.a.,n.a.,n.a.,30@round (nose),25@0°,25@9°,15/11@90°,,,,,,,,,
italy,M15/42,https://www.onwar.com/wwii/tanks/italy/it006m1542.html,,Medium Tank,4,,82,1943,,,,,,,47mm L/40,"3 x 8mm Breda M38 (coaxial, 2 x
    bow)",,,,SPA 15TB M42,,192hp,,Gasoline (Petrol),,40 km/h,,"5 forward, 1 reverse",,,,,,n.a.,n.a.,n.a.,30@round,25@0,25@20,6@90,12+30@11,25@9,25@0,14@90,12+37@16,25@22,25@22,14@85,37@round
italy,Semovente M42 da 75/34,https://www.onwar.com/wwii/tanks/italy/it012sem753442.html,,Assault Gun,3,,36 + 80*,Mar.1943-1944,,,,,,,75mm 75/34 L/34,8mm Breda M38 MG (loose),,,,SPA M15(15TB),,,,Diesel,,40/15 km/h,,"4 forward, 1 reverse",,,,,,12.2 psi,n.a.,n.a.,,,,,25+25mm @5°,25mm @12°,25mm @9°,"9mm @84°, 71° & 68°",,,,,50mm
italy,Semovente M43 da 105/25,https://www.onwar.com/wwii/tanks/italy/it010sem10525m43.html,,Assault Gun,3,,26 + 91*,1943-1944,,,,,,,105mm 1500/25 Ansaldo,1 x 8mm Breda 38 (loose/AA),,,,SPA M15(15TB),,,10.8 hp/t,Diesel,,38 km/h,,"5 forward, 1 reverse",,,,,,13.9 psi,n.a.,n.a.,50mm @55°,25mm @0°,25mm @13°,15mm @90°,75mm @0°,45mm @15°,25mm @0°,15@86° & 90°,,,,,50mm @round
italy,P40,https://www.onwar.com/wwii/tanks/italy/it007p40.html,,Medium Tank,4,,5 pre-series + 100*,1943-1944,,,,,,,75mm 75/34,1 x 8mm Breda 38 (loose),,,,SPA,,,,Diesel,,42 km/h,,"5 forward, 1 reverse",,,,,,n.a.,n.a.,n.a.,50mm @55°,40mm @0°,40mm @40°,15mm @90°,50mm @45°,45mm @35°,40mm @10°,20mm @83° & 90°,60mm @15°,45mm @25°,40mm @25°,20mm @82° & 90°,60mm @round
japan,Type 94,https://www.onwar.com/wwii/tanks/japan/ja017t94.html,,Tankette,2,,n.a.,n.a.,3.08,,1.62,3400,0.29,,6.5mm Type 91 MG,,,(360°),n.a.,Type 94,,,,Gasoline (Petrol),106,40 km/h,200,"4 forward, 1 reverse",n.a.,35°,0.60,0.50,1.30,n.a.,n.a.,n.a.,,,,,,,,,,,,,
japan,Type 97 Te-Ke,https://www.onwar.com/wwii/tanks/japan/ja021t97teke.html,,Tankette,2,,n.a.,n.a.,,1.93,1.80,4400,n.a.,,37mm OR 7.7mm MG,,,(360°),n.a.,n.a.,,,,,91,40 km/h,241,n.a.,n.a.,n.a.,n.a.,0.81,1.60,n.a.,,,,,,,,,,,,,,,
japan,Type 92,https://www.onwar.com/wwii/tanks/japan/ja016t92.html,,Tankette/Light Tank,3,,n.a.,n.a.,3.94,,1.83,3520,0.28,,"2 x 6.5mm Type 91 MG (turret,
    hull)",,,(360°),n.a.,Mitsubishi,,,,Gasoline (Petrol),n.a.,40 km/h,200,n.a.,n.a.,35°,0.80,0.60,1.70,8.6 psi,190mm,3048mm,,,,,,,,,,,,,
japan,Type 95 Kyu-Go,https://www.onwar.com/wwii/tanks/japan/ja018t95kyugo.html,,Light Tank,3,"Mitsubishi, Niigata, Tekkosho, Kobe Seikosho, Kokura Rikugun Zoheisho",1161,1936-1943,4.38,,2.28,7400,0.39,,37mm Type 98 L/37,"2 x 7.7mm Type 97 MG (bow,
    turret rear)",,Manual (360°),n.a.,n.a.,,,,Diesel,164,48/26 km/h,250,"4 forward, 1 reverse",n.a.,30-40°,1.00,0.60,2.00,8.9 psi,251mm,2337mm,12mm @72° (nose),12mm @90°,6-12mm @64°,9mm @0°,12mm @0°,12mm @56°,-,9mm @0°,12mm,12mm @79°,12mm @83°,9mm @0°,-
japan,Type 98A Ke-Ni,https://www.onwar.com/wwii/tanks/japan/ja022t98keni.html,,Light Tank,3,,n.a.,1942-?,4.11,,1.82,7200,0.35,,37mm Gun Type 100,7.7mm Type 97 MG,,(360°),n.a.,Type 100,,,,Diesel,n.a.,50km/h,300,n.a.,n.a.,30°,0.75,0.70,2.10,n.a.,n.a.,n.a.,,,,,,,,,,,,,
japan,Type 2 Ke-To,https://www.onwar.com/wwii/tanks/japan/ja008t2keto.html,,Light Tank,3,,few,1942-?,4.11,,1.82,7200,0.35,,37mm Gun Type 100,7.7mm Type 97 MG,,(360°),n.a.,Type 100,,,,Diesel,n.a.,50,186,n.a.,n.a.,30°,0.75,0.70,2.10,n.a.,n.a.,n.a.,,,,,,,,,,,,,
japan,Type 5 Ke-Ho,https://www.onwar.com/wwii/tanks/japan/ja013t5keho.html,,Light Tank,4,,prototype,1945,4.38,,2.23,10000,0.35,,47mm Gun Type 1,1 x 7.7mm Type 97 MG (turret),,(360°),n.a.,Mitsubishi Type 100,,,,Diesel,n.a.,50,250,n.a.,n.a.,30°,1.00,0.70,2.10,n.a.,n.a.,n.a.,,,,,,,,,,,,,
japan,Type 89A Chi-Ro,https://www.onwar.com/wwii/tanks/japan/ja014t89achiro.html,,Medium Tank,4,,n.a.,1931-?,5.75,,2.56,11800,0.48,,57mm Gun,"2 x MG (hull, turret rear)",,(360°),n.a.,Daimler,,,,Gasoline (Petrol),n.a.,25 km/h,140,n.a.,n.a.,34°,1.00,0.84,2.51,7.5 psi,30.5cm,365.8cm,,,,,,,,,,,,,
japan,Type 89B Chi-Ro,https://www.onwar.com/wwii/tanks/japan/ja015t89bchiro.html,,Medium Tank,4,,n.a.,1936-?,5.75,,2.56,13600,0.48,,57mm Gun Type 90,"2 x 6.5mm Type 91 MG (hull,
    turret rear)",,(360°),-8° to +25°,Mitsubishi,,,,Diesel,n.a.,25 km/h,170,n.a.,n.a.,34°,1.00,0.83,2.51,8.7 psi,30.5cm,365.8cm,,,,,,,,,,,,,
japan,Type 97 Chi-Ha,https://www.onwar.com/wwii/tanks/japan/ja019t97chiha.html,,Medium Tank,4,,n.a.,1937-1940,5.52,,2.23,15000,0.40,,57mm Gun Type 97,"2 x 7.7mm Type 97 MG (bow,
    turret rear)",,Manual (360°),n.a.,Mitsubishi Type 97,,,,Diesel,,38 km,210,"4 forward, 1 reverse",n.a.,34°,1.00,0.90,2.50,9.4 psi,30.5cm,370.8cm,20mm @30° (nose),9mm @0°,20mm @curved,8mm @90°,16mm @82° (glacis),26mm @25°,-,13mm @90°,33mm @0°,26mm @11°,26mm @11°,19mm @90°,-
japan,Type 97 Shinhoto Chi-Ha,https://www.onwar.com/wwii/tanks/japan/ja020t97shin.html,,Medium Tank,5,,n.a.,1940-1943,5.50,,2.38,15800,0.40,,47mm Gun Type 1,"2 x 7.7mm Type 97 MG (turret
    rear, bow)",,Manual (360°),n.a.,Mitsubishi Type 97,,,,Diesel,236,38 km/h,210,"4 forward, 1 reverse",n.a.,34°,1.00,0.90,2.50,8.4 psi,30.5cm,370.8cm,20mm @30° (nose),9mm @0°,20mm @curved,8mm90°,16mm @82° (glacis),26mm @25°,-,13mm @90°,n.a.,n.a.,n.a.,n.a.,n.a.
japan,Type 1 Chi-He,https://www.onwar.com/wwii/tanks/japan/ja004t1chihe.html,,Medium Tank,4,,n.a.,n.a.,5.73,,2.38,17200,0.42,,47mm Gun Type 1,2 x 7.7mm Type 97 MG,,(360°),n.a.,"Misubishi, Type 100",,,,Diesel,n.a.,44 km/h,210,n.a.,n.a.,35°,1.00,n.a.,2.50,n.a.,n.a.,n.a.,,,,,,,,,,,,,
japan,Type 2 Ho-I,https://www.onwar.com/wwii/tanks/japan/ja006t2hoi.html,,Medium/Gun Tank,5,,n.a.,1942,5.73,,2.58,16100 est.,0.42,,75mm Gun Type 99,1 x 7.7mm Type 97 MG,,(360°),n.a.,"Mitsubishi, Type 100",,,,Diesel,n.a.,44 km/h,100,n.a.,n.a.,35°,1.00,n.a.,2.50,n.a.,n.a.,n.a.,,,,,,,,,,,,,
japan,Type 3 Chi-Nu,https://www.onwar.com/wwii/tanks/japan/ja009t3chinu.html,,Medium Tank,5,,60,1943-44,5.73,,2.61,18800,0.42,,75mm Gun Type 3,1 x 7.7mm Type 97 MG (hull),,(360°),n.a.,"Mitsubishi, Type 100",,,,Diesel,n.a.,39 km/h,210,n.a.,n.a.,35°,1.00,n.a.,2.50,n.a.,n.a.,n.a.,,,,,,,,,,,,,
japan,Type 4 Chi-To,https://www.onwar.com/wwii/tanks/japan/ja011t4chito.html,,Medium Tank,5,,6,1944,6.34,,2.86,30000,0.42,,75mm Gun Type 2,2 x  7.7mm Type 97 MG,,(360°),n.a.,Type 4,,,,Diesel,n.a.,45 km/h,250,n.a.,n.a.,35°,1.20,n.a.,2.70,n.a.,n.a.,n.a.,,,,,,,,,,,,,
japan,Type 5 Chi-Ri,https://www.onwar.com/wwii/tanks/japan/ja012t5chiri.html,,Medium Tank,5,,prototype,1945,7.30,,3.05,37000,0.42,,75mm Gun Type 4,,,(360°),n.a.,BMW,,,,Gasoline (Petrol),n.a.,45 km/h,200,n.a.,n.a.,35°,1.20,n.a.,2.70,n.a.,n.a.,n.a.,,,,,,,,,,,,,
japan,Type 2 Ka-Mi,https://www.onwar.com/wwii/tanks/japan/ja007t2kami.html,,Amphibious Tank,5,,n.a.,n.a.,,2.79,2.34,11300,0.36,,37mm Type 1,"2 x 7.7mm Type 97 MG (coaxial,
    bow)",,Manual (360°),-11.5° to +5.5°,n.a.,,,,,,,,"4 forward, 1 reverse",n.a.,n.a.,,0.74,2.01,n.a.,,,12mm,9mm @0°,n.a.,n.a.,n.a.,n.a.,n.a.,n.a.,13mm,13mm,n.a.,n.a.,n.a.
japan,Type 3 Ka-Chi,https://www.onwar.com/wwii/tanks/japan/ja010t3kachi.html,,Amphibious Tank,7,,n.a.,1943-?,10.3,,3.82,28700,0.36,,47mm Gun Type 1,2 x 7.7mm Type 97 MG,,(360°),n.a.,Mitsubishi Type 100,,,,Diesel,n.a.,,320,n.a.,n.a.,n.a.,n.a.,n.a.,n.a.,n.a.,n.a.,n.a.,,,,,,,,,,,,,
japan,Ho-Ro,https://www.onwar.com/wwii/tanks/japan/ja003horo.html,,Self-Propelled Gun,5,,n.a.,n.a.,5.20,,2.36,16300,0.40,,"150mm Howitzer
    Type 38",n.a.,,n.a.,n.a.,Mitsubishi,,,,Diesel,n.a.,40 km/h,200,n.a.,n.a.,n.a.,n.a.,n.a.,n.a.,8.6 psi,33.0cm,406.4cm,,,,,,,,,,,,,
japan,Ho-Ni I,https://www.onwar.com/wwii/tanks/japan/ja005t1honi1.html,,Tank Destroyer,5,,n.a.,n.a.,5.90,2.29,2.39,15400,0.36,n.a.,75mm Gun Type 90,,,Manual (10° L - 10° R),-5° - 20°,Mitsubishi,,,,Diesel,236,40 km/h,200,"4 forward, 1 reverse",n.a.,30°,0.99,n.a.,2.51,8.4 psi,n.a.,n.a.,,,,,,,,,,,,,
japan,Ho-Ni II,https://www.onwar.com/wwii/tanks/japan/ja001honi2.html,,Self-Propelled Gun,5,,n.a.,n.a.,5.50,,2.39,16300,0.40,,"105mm Howitzer
    Type 91",,,n.a.,n.a.,Mitsubishi,,,,Diesel,n.a.,38km/h,200km,n.a.,n.a.,n.a.,n.a.,n.a.,n.a.,n.a.,n.a.,n.a.,,,,,,,,,,,,,
japan,Ho-Ni III,https://www.onwar.com/wwii/tanks/japan/ja002honi3.html,,Self-Propelled Gun,5,,n.a.,n.a.,5.52,,2.39,17000,0.40,,75mm Gun Type 3,,,n.a.,n.a.,Mitsubishi,,,,Diesel,n.a.,38km/h,200,n.a.,n.a.,n.a.,n.a.,n.a.,n.a.,n.a.,n.a.,n.a.,,,,,,,,,,,,,
romania,TACAM R-2,https://www.onwar.com/wwii/tanks/romania/ro001tacamr2.html,,Tank Destroyer,n.a.,,40,1943,,,,,,,76.2mm ZIS-3 [USSR],n.a.,,,,n.a.,,,,n.a.,,n.a.,,n.a.,,,,,,n.a.,n.a.,n.a.,n.a.,n.a.,n.a.,n.a.,n.a.,n.a.,n.a.,n.a.,n.a.,n.a.,n.a.,n.a.,n.a.
romania,TACAM T-60,https://www.onwar.com/wwii/tanks/romania/ro002tacamt60.html,,Tank Destroyer,n.a.,,35,1943,,,,,,,76.2mm F-22 [USSR],n.a.,,,,n.a.,,,,n.a.,,n.a.,,n.a.,,,,,,n.a.,n.a.,n.a.,n.a.,n.a.,n.a.,n.a.,n.a.,n.a.,n.a.,n.a.,n.a.,n.a.,n.a.,n.a.,n.a.
uk,Mark II,https://www.onwar.com/wwii/tanks/uk/uk022medmk2.html,,Medium Tank,5,,100,1925-1930s,,2.78,2.69,12000,n.a.,,3-pounder,4 x 7.7mm Hotchkiss .303 MG,,Manual (360°),n.a.,Armstrong-Siddeley,,,,n.a.,n.a.,21 km/h,193,n.a.,n.a.,n.a.,n.a.,n.a.,n.a.,n.a.,n.a.,n.a.,,,,,,,,,,,,,
uk,Mark VIB,https://www.onwar.com/wwii/tanks/uk/uk020markvib.html,,Light Tank,3,,n.a.,n.a.,3.95,2.06,2.22,4900,n.a.,,12.7mm .5-inch MG,7.7mm .303-inch Vickers MG (coaxial),,Manual (360°),n.a.,Meadows ESTB/A or B,,,,n.a.,n.a.,56/40 km/h,209,"5 forward, 1 reverse",n.a.,n.a.,n.a.,n.a.,n.a.,8.3 psi,24.1 cm,n.a.,,,,,,,,,,,,,
uk,Mark I,https://www.onwar.com/wwii/tanks/uk/uk013ctmki.html,,Cruiser/Medium Tank,6,,125,1937-1938,,2.50,2.65,12730,0.46,,2-pounder,"2 x 7.7mm .303 MG
    (2 x bow turrets)",,Hydraulic (360°),n.a.,AEC A179,,,,Gasoline (Petrol),327,40/24 km/h,161,"5 forward, 1 reverse",n.a.,n.a.,n.a.,n.a.,n.a.,10.6 psi,27.1 cm,314 cm,14mm @49°(nose),10mm @65°,10mm @23°,7mm @10°,10mm @18°(glacis),10mm @90°,10mm @27°(engine),5mm @0°(deck),14mm @80°,12mm @72°,14mm @90°,4mm @0°&23°,n.a.
uk,Mark II,https://www.onwar.com/wwii/tanks/uk/uk014ctmkii.html,,Cruiser/Medium Tank,5,,175,1939-1940,5.59,2.53,2.65,14400,n.a.,,40mm 2-pounder,"2 x 7.92mm Besa*, or
    2 x 7.7mm [.303] Vickers MG
    (coaxial, bow)",,Manual (360°),n.a.,AEC A179,,,,Gasoline,n.a.,26/13 km/h,161,n.a.,n.a.,n.a.,n.a.,n.a.,n.a.,13.0 psi,n.a.,n.a.,22-30mm,22mm,12mm,7mm,n.a.,n.a.,n.a.,7mm,30mm,26mm,30mm,7mm,n.a.
uk,Mark III,https://www.onwar.com/wwii/tanks/uk/uk015ctmkiii.html,,Cruiser/Medium Tank,4,,65,1939-1940,,2.54,2.59,14200,0.41,,40mm ROQF 2-pounder Mk. IX-XA,1 x .303 Vickers MG (coaxial),,Hydraulic (360°),-15° to +20°,Nuffield Liberty Mk. I & II,,,,Gasoline (Petrol),500,48/38 km/h,169,"4 forward, 1 reverse",Skid.,n.a.,0.91,0.76,2.29,11.7 psi,24.6 cm,350.5 cm,14mm @30°,14mm @90°,n.a.,6mm @0°,14mm @30°(glacis),-,14mm @90°(upper),14mm @0°,14mm @79°&83°,14mm @52°&74°,14mm @52°&74°,14mm @0°&10°,-
uk,Mark IVA,https://www.onwar.com/wwii/tanks/uk/uk016ctmkiva.html,,Cruiser/Medium Tank,4,,172,1939-1941,,2.54,2.59,15000,0.41,,40mm 2-pounder,1 x 7.92 Besa MG (coaxial),,Hydraulic (360°),-15° to +20°,Nuffield Liberty Mk. I & II,,,,Gasoline (Petrol),500,48/23 km/h,169,"4 forward, 1 reverse",Skid.,n.a.,0.91,0.76,2.29,12.3 psi,24.6 cm,350.5 cm,14mm @30°,14mm @90°,n.a.,6mm @0°,14mm @30°(glacis),-,14mm @90°(upper),14mm @0°,30mm @79°&83°,14mm @52°&74°,14mm @52°&74°,14mm @0°&80°,-
uk,Crusader Mk. I,https://www.onwar.com/wwii/tanks/uk/uk010crusader1.html,,Medium/Cruiser Tank,5,,5300*,1940,5.97,2.77,2.24,19100,n.a.,,40mm 2-pounder Mk. I,"2 x 7.92mm Besa MG(coaxial, auxiliary turret)",,Hydraulic (360°),-20° to +25°,Nuffield Liberty Mk. II,,,,Gasoline (Petrol),,43 km/h,322,"4 forward, 1 reverse",n.a.,n.a.,n.a.,n.a.,n.a.,n.a.,n.a.,n.a.,26mm @52°(nose),14+13mm @90°,27mm @90°,10mm @0°(front),14mm @10°(glacis),-,14mm @45°,7mm @0°,20mm @90°,19mm @50°,24mm @65°,9mm @10°,39mm @81°
uk,Crusader Mk. II,https://www.onwar.com/wwii/tanks/uk/uk011crusader2.html,,Medium/Cruiser Tank,4 or 52,,53001,1940-42,5.97,2.77,2.24,19300,0.41,,40mm 2-pounder Mk. I,1 x 7.92mm Besa MG(coaxial),,Hydraulic (360°),-15° to 20°,Nuffield Liberty Mk. III,,,,Gasoline (Petrol),500,43 km/h,322,"4 forward, 1 reverse",9.0,n.a.,1.0,n.a.,n.a.,15.5 psi,24.6 cm,n.a.,32&20mm @28&60°,12+14mm @90°,27mm @90°,10mm @0°(front),12&9mm @10&30°(glacis),-,14mm @45°,7mm @0°,30mm @80°,23mm @50°,30mm @65°,12mm @0°&10°,49mm @81°
uk,Crusader Mk. III,https://www.onwar.com/wwii/tanks/uk/uk012crusader3.html,,Medium/Cruiser,3,,5300*,May 1942-Oct. 1943,6.31/5.98,2.77,2.24,20100,0.41,,57mm ROQF 6-pounder Mk. 3 or 5,1 x 7.92mm Besa MG (coaxial),,Hydraulic (360°),-12° to +30°,Nuffield Liberty Mk. IV,,,,Gasoline (Petrol),500+136 (auxiliary),43/24 km/h,204 (with auxiliary tank),"4 forward, 1 reverse",n.a.,30°,0.99,0.67,2.59,14.1 psi,n.a.,n.a.,32mm @60°,14+13mm @90°,27mm @90°,6&10mm @0°,20mm @60°,-,14mm @45°,7mm @0°,32mm @90°,23mm @40°,29mm @60°,"12mm @18°,0°,8°",51mm @90°
uk,Cromwell Mk. I,https://www.onwar.com/wwii/tanks/uk/uk008cromwell1.html,,Medium/Cruiser Tank,5,,n.a.,mid-1943,,2.91,2.49,24500,0.41,,57mm 6-pounder ROQF,"2 x 7.92mm Besa MG(coaxial, bow)",,Hydraulic (360°),n.a.,Rolls Royce Meteor,,,,Gasoline (Petrol),527 + 136 (auxiliary),64 km/h,280,"5 forward, 1 reverse",n.a.,n.a.,1.22,0.91,2.36,13.3 or 14.7 psi*,39.4 or 35.6 cm,n.a.,25mm @26°,29+14mm @90°(front),32mm @76°,6+8mm @0°(front),25mm @23°(glacis),32+14mm @90°(front),25mm @90°,20mm @0°(front),64mm @90°,51+13mmm @90°,44+13mm @90°,20mm @0°&25°,-
uk,Cromwell Mk. IV,https://www.onwar.com/wwii/tanks/uk/uk009cromwell4.html,,Cruiser Tank,5,,n.a.,Oct. 1943-n.a.,6.35,2.91,2.49,28000,0.41,,75mm ROQF Mk. V or VA,"2 x 7.92mm Besa MG (coaxial, bow)",,Hydraulic (360°),-12° to +20°,Rolls-Royce Meteor,,,,Gasoline (Petrol),527,52/29 km/h,265/180,"5 forward, 1 reverse",n.a.,25°,1.22,0.91,2.29,14.9 psi,35.6 cm,373.4 cm,57mm @67°(nose),32mm @90°,32mm @90°,8mm @0°,30mm @23°(glacis),32mm @90°,-,20mm @0°,76mm @90°,63mm @90°,57mm @90°,20mm @0°& 9°,n.a.
uk,Challenger,https://www.onwar.com/wwii/tanks/uk/uk003challenger.html,,Cruiser/Medium Tank,5,,200,1943-1945,8.15,2.91,2.78,33000,0.41,,77mm 17-pounder Mk.II,7.62mm MG (coaxial),,(360°),-10° to +18°,Rolls Royce Meteor,,,,Gasoline (Petrol),527,52/24 km/h (max.),241/113,"5 forward, 1 reverse",n.a.,31°,1.37,0.91,2.59,24.2 psi,39.3cm,450cm,25mm @24°(lower),57mm @73°(upper),32mm @17°(glacis),51mm @90°,32mm @17°(glacis),51mm @90°,38mm @90°,20mm @0°(deck),63mm @90°,40mm @90°,40mm @90°,10mm @0-25°,102mm @various
uk,Comet,https://www.onwar.com/wwii/tanks/uk/uk007comet.html,,Medium/Cruiser,5,,about 1200,Sept. 1944 - Postwar,7.66/6.55,3.07,2.67,33225,0.4,,77mm ROQF Mk. II,"2 x 7.92mm Besa MG (coaxial, bow)",,Electric (360°),-12° to +20°,Rolls-Royce Meteor Mk. III,,,,Gasoline (Petrol),527,51/26 km/h,240/130,"5 forward, 1 reverse",n.a.,31°,1.0,0.9,2.44,13.8 psi,45.7cm,393.6cm,64mm @90°(nose),14mm @90°,25mm @90°,n.a.,32mm @17°(glacis),29mm @90°,-,14mm @0°,102mm @90°,64mm @90°,57mm @90°,20&25mm @0°,102mm @90°
uk,Mark VII Tetrarch,https://www.onwar.com/wwii/tanks/uk/uk023tetrach.html,,Airborne Tank,3,,177,Nov. 1940-1941,,2.31,2.12,7600,n.a.,,40mm 2-pounder QFSA,7.92mm Besa MG (coaxial),,Manual (360°),n.a.,"Meadows, MAT",,,,n.a.,205,64/45 km/h,225,"5 forward, 1 reverse",26.5,n.a.,0.91,n.a.,1.52,7.9 psi,n.a.,n.a.,6-10mm,6mm,n.a.,14mm,n.a.,n.a.,n.a.,4mm,n.a.,n.a.,n.a.,n.a.,n.a.
uk,Mark I,https://www.onwar.com/wwii/tanks/uk/uk019infmk1.html,,Heavy/Infantry Tank,2,,139,1936-1940,4.85,2.29,1.87,11200,0.39,,7.7mm .303 Vickers MG,2 x 4 inch smoke discharger,,Manual (360°),-15° to +25°,Ford,,,,Gasoline (Petrol),191,13 km/h,129,"4 forward, 1 reverse",skid,n.a.,n.a.,0.76,1.98,9.7 psi,29 cm,282 cm,25mm @75°,60mm @90°,50mm @90°(upper),20mm @0°(front),25mm @20°(glacis),-,20mm @20°(engine),12mm @0°(deck),n.a.,n.a.,n.a.,n.a.,n.a.
uk,Matilda Mk. III,https://www.onwar.com/wwii/tanks/uk/uk021matilda3.html,,Heavy/Infantry Support,4,"Vulcan, Ruston & Hornsby, Fowler, NBLC, Harland & Wolff, MSRC",about 2900*,1938-1943*,5.61,2.59,2.51,26500,0.40,,40mm ROQF 2-pounder Mk. IX or X,1 x 7.92mm Besa MG (coaxial),,Hydraulic (360°),-15° (-9° to rear) to +20°,2 x Leyland E148/E149 or E164/E165,,,,Diesel,211,24/15 km/h,257/129,"6 forward, 1 reverse",n.a.,n.a.,0.91,0.61,2.1,16 psi,35.5 cm,n.a.,78mm @90°,40+25mm @90°(incl. skirting plate),55mm @65°,13-20mm @0°,47mm @23°,70mm @60°,-,20mm @0°,75mm @79°,75mm @90°,75mm @90°,20mm @0°,n.a.
uk,Valantine Mk. II,https://www.onwar.com/wwii/tanks/uk/uk024valentine2.html,,Heavy/Infantry Support,3,,approx. 700,1940-42,5.41,2.63,2.27,16000,0.41,,40mm ROQF 2-pounder Mk. IX or X,1 x 7.92mm Besa MG (coaxial),,Electric (360°),n.a.,AEC A190,,,,Diesel,164 + 136 aux.,24/15 km/h,177+145 aux.,"5 forward, 1 reverse",n.a.,32°,0.91,0.91,2.36,10.5 psi,36 cm,310 cm,20mm @22°(lower),60mm @90°,17mm @30°,20mm @0&18°,30mm @22° (glacis),30mm @27°,17mm @32°(engine),20mm @0&13°,65mm @90°,60mm @90°,65mm @90°,20mm @10°(front),n.a.
uk,Archer,https://www.onwar.com/wwii/tanks/uk/uk002archer.html,,Tank Destroyer,4,,655,Mar. 1943- May 1945,6.68/6.54,2.76,2.25,16300,0.41,,76.2mm 17-pounder Mk.II,1 x .303 Bren,,"Manual (22° L, 22° R)",-7° to +15°,GM Type 6-71M,,,,Diesel,227,32/16 km/h,145/121,"5 forward, 1 reverse",0,32°,0.91,0.84,2.36,10.3psi (0.72kg/cm2),35.6cm,310cm,20mm @18°&70°,20mm @90°,14mm @30°,10mm @0°,20mm @67°,20mm @78°,20mm @60°&90°,10mm @2°&7°,,,,,
uk,Churchill Mk. I,https://www.onwar.com/wwii/tanks/uk/uk005churchill1.html,,Infantry/Heavy Tank,5,,303,1941,,3.25,2.49,38000,0.51,,"Turret 40mm ROQF2-pdr Mk. IX-XA L/50
    Hull 76.2mm 3-inch Howitzer Mk. I","7.92mm Besa (coaxial)
    .303 Bren MG (AA)
    2-inch Bomb thrower",,Electric (360°),-15° to +20°,Bedford Twin-Six,,,,Gasoline (Petrol),682 + 148 auxiliary,27 km/h,,"5*/4 forward, 1 reverse",Skid.,34°,0.91,1.22,3.66,13.1 psi,55.9cm,381cm,89mm @90°(nose),76mm @90°,n.a.,19mm @0°,38mm @20°(glacis),-,64mm @90°(upper),15-19mm @0°,89mm @90°,89mm @90°,89mm @90°,15-19mm @0°,n.a.
uk,Churchill Mk. IV,https://www.onwar.com/wwii/tanks/uk/uk006churchill4.html,,Heavy/Infantry Support,5,,1622,1942-1943,7.65/7.35,,2.45,39600,0.51,,57mm ROQF 6-pounder Mk. III or V,"2 x 7.92mm Besa MG (coaxial, bow)
    1 x .303 Bren MG (AA)
    2-inch bomb thrower",,Hydraulic (360°),-12° to +20°,Bedford Twin-Six,,,,Gasoline (Petrol),682 + 148 auxilliary,25/13 km/h,259/154,"4 forward, 1 reverse",skid,30°,0.8,1.13,2.8,13.1 psi,55.9cm,381cm,89mm @65° (nose),76mm @90°,64mm @90°,19mm @0°,38mm @25° (glacis),-,-,19mm @0°,89mm @90°,89mm @90°,89mm @90°,35mm @0°,n.a.
uk,Churchill Mk. VII,https://www.onwar.com/wwii/tanks/uk/uk004churchill7.html,,Heavy/Infantry Tank,5,,n.a.,1943-1945,7.54,3.25,2.49,40600,0.51,,75mm Mk. 5 or 5a,"2 x 7.92mm Besa MG
    (coaxial, bow)",,(360°),-12° to +20°,Bedford Twin-Six,,,,Gasoline (Petrol),682,20/13 km/h,145,"4 forward, 1 reverse",n.a.,34°,1.02,0.76,3.05,n.a.,55.9cm,n.a.,140mm @90°,57mm @90°,50mm @90°,19-25mm @0°,57mm @20°,95mm @90°,-,16-19mm @0°,152mm @90°,95mm @90°,95mm @90°,20mm @0°,-
uk,Grant I,https://www.onwar.com/wwii/tanks/uk/uk018grant1.html,,Medium/Cruiser Tank,6 or 7,n.a.,n.a.,1941-1942,5.64,2.72,3.02,28100,0.43,,75mm M2 (hull),"3 x .30 caliber MG M1919A4 (coaxial with 37mm, 2 x bow)",,75mm: 30° (15 L or R),75mm: -9° to +20°,Wright (Continental) R975 EC2,,,,Gasoline (Petrol),796,34 km/h,193,"5 forward, 1 reverse",18.9,31°,1.0,0.61,2.3,12.7 psi,40.6 or 42.1 cm,373.4 cm,51mm @45-90°,38mm @90°,38mm @80-90°,25mm @0°(front),38mm @37°(lower),38mm @90°,-,13mm @0-7°,76mm @43°,51mm @60-90°,51mm @90°,32mm @0-9°,n.a.
uk,Sherman VC Firefly,https://www.onwar.com/wwii/tanks/uk/uk017firefly.html,,Medium/Cruiser,5,,n.a.,n.a.,7.85/6.45,2.67,2.74,32700,0.43,,"76.2mm ROQF 17-pounder Mk.IV or
    VII","1 x .30 cal. M1919A4 MG
    (coaxial)",,Hydraulic (360°),-5° to+20°,Chrysler Multibank A57,,,,Gasoline (Petrol),727,40 km/h,161 on road,"5 forward, 1 reverse",21,31°,1.07,0.61,2.4,13.6 psi,42.1 cm,406.4 cm,51mm @45°-90°,38mm @90°,38mm @70°-90°,13-25mm @0°,51mm @34°,38mm @90°,-,19mm @0-7°,76mm @60°,51mm @85°,64mm @90°,25mm @0°,38&89mm @90°
uk,Achilles IIC,https://www.onwar.com/wwii/tanks/uk/uk001achilles2c.html,,Tank Destroyer,5,,n.a.,n.a.,7.27/5.97,3.05,2.90,29600,0.43,,77mm 17-pounder Mk. V,"12.7mm Browning
    .50 cal. MG (AA)",,Manual (360°),-5° to +20°,GM 6046,"2 x In6, 13.9 liters",,,Diesel,750,40 km/h,322 on road,"5 forward, 1 reverse",18.9,31°,0.91,0.61,2.3,13.4psi (0.94kg/cm2),42.1 cm,373.4 cm,51mm @34°-90°,25mm @90°,25mm @90°,13mm @0°,19mm @0° (front),10mm @0° (rear),-,25mm @75°,-,25mm @75°,25mm @90°,19mm @0°/open,
usa,M22 Locust,https://www.onwar.com/wwii/tanks/usa/us005ltm22.html,,Light/Airborne Tank,4,,830,Apr. 1943-Feb. 1944,3.96/3.93,2.25,1.84,7400,0.25,,37mm Gun M6,"1 x .30 caliber MG M1919A4
    (coaxial)",,Manual (360°),-10° to +30°,Lycoming 0-435T,,,,Gasoline (Petrol),259,58 km/h,177,"4 forward, 1 reverse",11.6,27°,0.91,0.46,1.68,7.1 psi,28.6 cm,231.0 cm,25mm @90°,13mm @90°,13mm @81°,13mm @0°,13mm @25°,10mm @45°,-,10mm @0°,25mm @60°,25mm @85°,25mm @90°,10-19mm @0°,25mm @40°
usa,M3 Stuart,https://www.onwar.com/wwii/tanks/usa/us001ltm3.html,,Light Tank,4,n.a.,4526,Mar. 1941-Oct. 1942,4.53,2.24,2.64,12700,0.42,,37mm Gun M5,"5 x .30 caliber MG M1919A4 (AA,
    coaxial, bow, 2 x sponson)",,Manual (360°),-10° to +20°,Continental W-670-9A,,,,Gasoline (Petrol),245,58 km/h,113,"5 forward, 1 reverse",12.8,31°,0.91,0.61,1.83,10.3 psi,29.5 cm,297.2 cm,44mm @67°,25mm @90°,25mm @70°,13mm @0°(front),16mm @21°(lower),25mm @90°,25mm @90°(lower),13mm @0°,38mm @80°,25mm @90°,25mm @90°,13mm @0-15°,38mm @76-90°
usa,M3A1 Stuart,https://www.onwar.com/wwii/tanks/usa/us002ltm3a1.html,,Light Tank,4,,4410,May 1942-Jan. 1943,4.53,2.24,2.39,12900,0.42,,37mm Gun M6,"3 x .30 caliber MG M1919A4 (AA,
    coaxial, bow)",,Hydraulic (360°),-10° to +20°,Continental W-670-9A,,,,Gasoline (Petrol),245 + 2x114 auxiliary,58 km/h,113(217),"5 forward, 1 reverse",12.8,31°,0.91,0.61,1.83,10.5 psi,29.5 cm,297.2 cm,44mm @67°,25mm @90°,25mm @70°,13mm @0°(front),16mm @21°(lower),25mm @90°,25mm @90°(lower),13mm @0°,38mm @80°,25mm @90°,25mm @90°,13mm @0-15°,38mm @76-90°
usa,M3A3 Stuart,https://www.onwar.com/wwii/tanks/usa/us003ltm3a3.html,,Light Tank,4,,3427,Sept. 1942-Sept. 1943,5.03,2.52,2.57,14700,0.42,,37mm Gun M6,"3 x .30 caliber MG M1919A4 (AA,
    coaxial, bow)",,Hydraulic (360°),-10° to +20°,Continental W-670-9A,,,,Gasoline (Petrol),500,50 km/h,217,"5 forward, 1 reverse",12.8,31°,0.91,0.61,1.83,11.9 psi,29.5 cm,297.2 cm,44mm @67°,25mm @90°,25mm @70°,13mm @0°(front),25mm @42°,25mm @70°,25mm @90°(lower),13mm @0°,38mm @80°,32mm @90°,32mm @90°,13mm @0-15°,51mm @76-90°
usa,M5A1 Stuart,https://www.onwar.com/wwii/tanks/usa/us004ltm5a1.html,,Light Tank,4,,6810,Nov. 1942-Jun. 1944,4.84,2.29,2.57,15500,0.42,,37mm Gun M6,"3 x .30 caliber MG M1919A4 (AA,
    coaxial, bow)",,Hydraulic (360°),-12° to +20°,2 x Cadillac Series 42,,,,Gasoline (Petrol),405,58 km/h,161,"4 forward, 1 reverse",12.8,31°,0.91,0.46,1.62,12.6 psi,29.5 cm,297.2 cm,38-64mm @67-90°,29mm @90°(front),25mm @73°,13mm @0°(front),29mm @42°,-,25mm @90°(lower),13mm @0°,44mm @80°,32mm @90°,32mm @90°,13mm @0-15°,51mm @76-90°
usa,M24 Chaffee,https://www.onwar.com/wwii/tanks/usa/us006ltm24.html,,Light Tank,4,,4731,Apr. 1944-Aug. 1945,,3.00,2.77,18400,0.46,,75mm Gun M6,1 x .50 caliber MG HB M2 (AA),,Hydraulic (360°),-10° to +15°,2 x Cadillac Series 44T24,,,,Gasoline (Petrol),500,56 km/h,161,"2 forward, 1 reverse",14.0,31°,1.02,0.91,2.44,11.3 psi,40.6 cm,285.8 cm,25mm @45°,25mm @88° (front),19mm @48°,13mm @0°,25mm @30°,-,19mm @90°,13mm @0°,38mm @30-90°,25mm @65° R,25mm @90°,25mm @0-22°,38mm @30-90°
usa,M3 Lee,https://www.onwar.com/wwii/tanks/usa/us010m3med.html,,Medium Tank,6 or 7,n.a.,4924,Jun. 1941-Aug. 1942,6.12 or 5.64*/5.64,2.72,3.12,27900,0.43,,75mm Gun M2 or M3 (hull mounted),"3 x .30 caliber MG M1919A4 (turret, coaxial with 37mm, bow)",,75mm: 30° (15 L or R),75mm: -9° to +20°,Wright (Continental) R975 EC2,,,,Gasoline (Petrol),796,34 km/h,193,"5 forward, 1 reverse",18.9,31°,1.0,0.61,2.3,12.6 psi,40.6 or 42.1 cm,373.4 cm,51mm @45-90°,38mm @90°,38mm @80°-90°,25mm @0°(front) 13mm @0°(rear),38mm @37°(lower)51mm @60°(upper),38mm @90°,-,13mm @0-7°,51mm @43°,51mm @85°,51mm @85°,22mm @0°,89mm @90°
usa,M3A1 Lee,https://www.onwar.com/wwii/tanks/usa/us007m3a1med.html,,Medium Tank,6 or 7,,300,Jan. 1942-Jul. 1942,6.12-5.64*/5.64,2.72,3.12,28600,0.43,,75mm Gun M2 or M3 (hull mounted),"3 x .30 caliber MG M1919A4 (turret, coaxial with 37mm, bow)",,75mm: 30° (15° L or R),75mm: -9° to +20°,Wright (Continental) R975 EC2,,,,Gasoline (Petrol),796,34 km/h,193,"5 forward, 1 reverse",18.9,31°,1.0,0.61,2.3,12.9 psi,40.6 or 42.1 cm,373.4 cm,51mm @45-90°,38mm @90°,38mm @80-90°,25mm @0°(front) 13mm @0°(rear),38mm @90°,-,13mm @0-7°,51mm @43°,51mm @43°,51mm @85°,51mm @85°,22mm @0°,89mm @90°
usa,M3A3 Lee,https://www.onwar.com/wwii/tanks/usa/us008m3a3med.html,,Medium Tank,6 or 7,,322,Mar. 1942-Dec. 1942,6.12 or 5.64*/5.64,2.72,3.12,27900,0.43,,75mm Gun M2 or M3 (hull mounted),"3 x .30 caliber MG M1919A4 (turret, coaxial with 37mm, bow)",,75mm: 30° (15° L or R),75mm: -9° to +20°,GM 6046,,,,Diesel,673,40 km/h,241,"5 forward, 1 reverse",18.9,31°,0.9,0.61,2.3,12.9 psi,40.6 or 42.1 cm,373.4 cm,51mm @45-90°,38mm @09°,38mm @80°-90°,25mm @0°(front) 13mm @0°(rear),38mm @90°,-,13mm @0-7°,51mm @43°,51mm @43°,51mm @85°,51mm @85°,22mm @0°,89mm @90°
usa,M3A4 Lee,https://www.onwar.com/wwii/tanks/usa/us009m3a4med.html,,Medium Tank,6 or 7,,109,Jun. 1942-Aug. 1942,6.63 or 6.15*/6.15,2.64,3.12,29000,0.41,,"75mm Gun M2 or M3 (hull
    mounted)","3 x .30 caliber MG M1919A4
    (turret, coaxial with 37mm, bow)",,75mm: 30° (15 L or R),75mm: -9° to +20°,Chrysler A57,,,,Gasoline (Petrol),727,32 km/h,161,"5 forward, 1 reverse",21.3,31°,1.0,0.61,2.4,12.1 psi,40.6 or 42.1 cm,406.4 cm,51mm @45-90°,38mm @90°,38mm @80°-90°,25mm @0°(front) 13mm @0°(rear),38mm @90°,-,13mm @0-7°,51mm @43°,51mm @43°,51mm @85°,51mm @85°,22mm @0°,89mm @90°
usa,M4 Sherman,https://www.onwar.com/wwii/tanks/usa/us011m4.html,,Medium Tank,5,,6748,July 1942-Jan. 1944,5.89,2.62,2.74,30300,0.43,,75mm Gun M3,"2 x .30 caliber MG M1919A4 (coaxial, bow)",,360°,-10° to +25°,Continental R975 C1,,,,Gasoline (Petrol),796,34 km/h,193,"5 forward, 1 reverse",18.9,31°,1.0,0.61,2.3,13.7 psi,42.1 cm,373.4 cm,51mm @34-90°,38mm @90°,38mm @80°-90°,25mm @0°(front) 13mm @0°(rear),51mm @34°,-,-,19mm @0-7°,76mm @60°,51mm @85°,51mm @90°,25mm @0°,89mm @90°
usa,M4A1 Sherman,https://www.onwar.com/wwii/tanks/usa/us012m4a1.html,,Medium Tank,5,,6281,Feb. 1942-Dec. 1943,5.84,2.62,2.74,30300,0.43,,75mm Gun M3,"2 x .30 caliber MG M1919A4
    (coaxial, bow)",,360°,-12° to +25°,Continental R975 C1,,,,Gasoline (Petrol),796,34 km/h,193,"5 forward, 1 reverse",18.9,31°,1.0,0.61,2.3,13.7 psi,42.1 cm,373.4 cm,51mm @45-90°,38mm @90°,38mm @80°-90°,25mm @0°(front),51mm @35-53°,-,-,13-19mm @0-7°,76mm @60°,51mm @85°,51mm @90°,25mm @0°,76mm @90°
usa,M4A1(76)W Sherman,https://www.onwar.com/wwii/tanks/usa/us017m4a176w.html,,Medium Tank,5,,3426,Jan. 1944-Jul. 1945,7.47/5.84,2.67,2.97,32000,0.43,,"76mm Gun M1A1, M1A1C, or M1A2","2 x .30 caliber MG M1919A4 (coaxial, bow)",,360°,-10° to +25°,Continental R975 C4,,,,Gasoline (Petrol),796,34 km/h,161,"5 forward, 1 reverse",18.9,31°,1.0,0.61,2.3,14.5 psi,42.1 cm,373.4 cm,51-108mm @34-90°,38mm @90°,38mm @70-90°,25mm @0°(front),64mm @35-53°,-,-,19mm @0-7°,64mm @45-50°,64mm @77-90°,64mm @90°,25mm @0°,89mm @90°
usa,M4A2 Sherman,https://www.onwar.com/wwii/tanks/usa/us013m4a2.html,,Medium Tank,5,,8053,Apr. 1942-May 1944,5.92,2.62,2.74,31800,0.43,,75mm Gun M3,"2 x .30 caliber MG M1919A4 (coaxial, bow)",,360°,-10° to +25°,GM 6046,,,,Diesel,673,34 km/h,241,"5 forward, 1 reverse",18.9,31°,1.0,0.61,2.3,14.4 psi,42.1 cm,373.4 cm,51-108mm @34-90°,38mm @90°,38mm @80°-90°,25mm @0°(front),64mm @43°,-,-,19mm @0-7°,76mm @60°,51mm @85°,51mm @90°,25mm @0°,89mm @90°
usa,M4A2(76)W Sherman,https://www.onwar.com/wwii/tanks/usa/us018m4a276w.html,,Medium Tank,5,,2915,May 1944-May 1945,7.57/5.92,2.67,2.97,33300,0.43,,"76mm Gun M1A1, M1A1C, or M1A2","2 x .30 caliber MG M1919A4 (coaxial, bow)",,360°,-10° to +25°,GM 6046,,,,Diesel,673,34 km/h,161,"5 forward, 1 reverse",18.9,31°,1.0,0.61,2.3,15.1 psi,42.1 cm,373.4 cm,51-108mm @34-90°,38mm @90°,38mm @80°-90°,25mm @0°(front),64mm @43°,-,-,19mm @0-7°,64mm @45-50°,64mm @77°-90°,64mm @90°,25mm @0°,89mm @90°
usa,M4A3 Sherman,https://www.onwar.com/wwii/tanks/usa/us014m4a3.html,,Medium Tank,5,,1690,June 1942-Sept. 1943,5.91,2.61,2.74,30300,0.43,,75mm Gun M3,"2 x .30 caliber MG M1919A4 (coaxial, bow)",,360°,-10° to +25°,Ford GAA,,,,Gasoline (Petrol),764,42 km/h,209,"5 forward, 1 reverse",19,31°,0.91,0.61,2.3,13.7 psi,42.1 cm,373.4 cm,51mm @34-90°,38mm @90°,38mm @68-80°,25mm @0°(front),51mm @34°,-,-,19mm @0-7°,76mm @60°,51mm @85°,51mm @90°,25mm @0°,89mm @90°
usa,M4A3(75)W Sherman,https://www.onwar.com/wwii/tanks/usa/us019m4a375w.html,,Medium Tank,5,,3071,Feb. 1944-Mar. 1945,6.27,2.67,2.94,31600,0.43,,75mm Gun M3,"2 x .30 caliber MG M1919A4 (coaxial, bow)",,360°,-10° to +25°,Ford GAA,,,,Gasoline (Petrol),764,42 km/h,161,"5 forward, 1 reverse",18.9,31°,0.91,0.61,2.3,14.3 psi,42.1 cm,373.4 cm,64-108mm @34-90°,38mm @90°,38mm @68-80°,25mm @0°(front),64mm @43°,38mm @50°,-,19mm @0-7°,76mm @60°,51mm @85°,51mm @90°,25mm @0°,89mm @90°
usa,M4A3(76)W HVSS Sherman,https://www.onwar.com/wwii/tanks/usa/us020m4a376w.html,,Medium Tank,5,,4542*,Mar. 1944-Apr. 1945*,7.54,3.0,2.97,33650,0.43,,"76mm Gun M1A1, M1A1C, or M1A2","2 x .30 caliber MG M1919A4
    (coaxial, bow)",,360°,-10° to +25°,Ford GAA,,,,Gasoline (Petrol),764,42 km/h,161,"5 forward, 1 reverse",18.9,31°,0.91,0.61,2.3,11.0 psi,58.4 cm,383.5 cm,50-108mm @34-90°,38mm @90°,38mm @68-80°,25mm @0°(front),63mm @43°,76mm @90°,-,19mm @0-7°,63mm @45-50°,63mm @77-90°,63mm @90°,25mm @0°,89mm @90°
usa,M4A3E2 Sherman,https://www.onwar.com/wwii/tanks/usa/us015m4a3e2.html,,Assault Tank,5,,254,June 1944-July 1944,6.27,2.94,2.95,38100,0.43,,75mm Gun M3,"2 x .30 caliber MG M1919A4 (coaxial, bow)",,360°,-10° to +25°,Ford GAA,,,,Gasoline (Petrol),764,35 km/h,161,"5 forward, 1 reverse",23,31°,0.91,0.61,2.3,14.2 psi,51.1 cm,373.4 cm,114-140mm @34-90°,38mm @90°,38mm @68-80°,25mm @0°(front),102mm @43°,76mm @90°,-,19mm @0-7°,152mm @78°,152mm @84°,152mm @88°,25mm @0°,178mm @90°
usa,M4A4 Sherman,https://www.onwar.com/wwii/tanks/usa/us016m4a4.html,,Medium Tank,5,,7499,July 1942-Sept. 1943,6.06,2.62,2.74,31600,0.41,,75mm Gun M3,"2 x .30 caliber MG M1919A4 (coaxial, bow)",,360°,-12° to +25°,Chrysler A57,,,,Gasoline (Petrol),727,32 km/h,161,"5 forward, 1 reverse",21,31°,1.07,0.61,2.4,13.2 psi,42.1 cm,406.4 cm,51mm @45-90°,38mm @90°,38mm @70°-90°,25mm @0°(front),51mm @34°,-,-,19mm @0-7°,76mm @60°,51mm @85°,51mm @90°,25mm @0°,76mm @90°
usa,M26 Pershing,https://www.onwar.com/wwii/tanks/usa/us022m26.html,,Medium Tank,5,,1436*,Nov. 1944 - Jun. 1945,8.65,3.51,2.78,41900,0.44,,90mm Gun M3 (T7),"2 x .30 caliber MG M1919A4
    (coaxial, bow)",,360°,-10° to +20°,Ford GAF,,,,Gasoline (Petrol),832,40 km/h,161,"3 forward, 1 reverse",18.3,31°,1.22,1.17,2.44,12.5 psi,61.0 or 58.4 cm,384.8 cm L395.0 cm R,76mm @37°,76mm @90°(front),19mm @28°,25mm @0° (front),102mm @44°,-,51mm @80°,22mm @0°,102mm @90°,76mm @82-90°,76mm @85-90°,25mm @0°,114mm @90°
usa,M18 Hellcat,https://www.onwar.com/wwii/tanks/usa/us024tdm18.html,,Tank Destroyer,5,n.a.,2507,Jul. 1943-Oct. 1944,6.65/5.28,2.87,2.57,17700,0.36,,"76mm Gun M1A1, M1A1C or M1A2",1 x .50 caliber MG HB M2 (AA),,Hydraulic (360°),-10° to +20°,Continental R-975-C4,,,,Gasoline (Petrol),750,80 km/h,161,"3 forward, 1 reverse",20.1,31°,1.22,0.91,1.86,12.6 psi,30.5 cm,295.9 cm,13mm @37°(lower),13mm @90°,13mm @55°,5mm @0°,13mm @52°(lower),13mm @67°,13mm @77°,8mm @0°,25mm @67°,13mm @70°,13mm @81°,open,19mm @30-90°
usa,3 inch GMC M10,https://www.onwar.com/wwii/tanks/usa/us021m10.html,,Tank Destroyer,5,,4993,Sept. 1942-Dec. 1943,6.83/5.97,3.05,2.90,29600,0.43,,76.2mm Gun M7,,,Manual (360°),-10° to +30°,GM 6046,,,,Diesel,750,40 km/h,322,"5 forward, 1 reverse",18.9,31°,0.91,0.61,2.3,13.4 psi,42.1 cm,373.4 cm,51mm @34-90°,25mm @90°,25mm @90°,13mm @0°,38mm @35°,19mm @52°,19mm @52°,19mm @0°(front),-,25mm @75°,25mm @90°,19mm @0°,
usa,90mm GMC M36,https://www.onwar.com/wwii/tanks/usa/us023m36.html,,Tank Destroyer,5,n.a.,1413,Apr. 1944-July 1945,7.46/5.97,3.05,3.28,28600,0.43,,90mm Gun M3,,,360°,-10° to +20°,Ford GAA,,500hp @2600rpm,,Gasoline (Petrol),873,42/8-32 km/h,249/177,"5 forward, 1 reverse",18.9,31°,0.91,0.61,2.3,12.9 psi,42.1 cm,373.4 cm,51-108mm @34-90°,25mm @90°,19mm @52-90°,13mm @0°,38mm @35°,19mm @52°,19mm @52-90°,19mm @0°(front),-,32mm @85°,44-127mm @90°,10mm @0°,
ussr,T-27A,https://www.onwar.com/wwii/tanks/ussr/su028t27a.html,,Tankette,2,,16931,1932,,,,,,,7.92mm DT MG,,,Manual (20°),-10° to +10°,GAZ AA,,,,Gasoline (Petrol),,,,"3 forward, 1 reverse",,,,,,0.66 kg/cm2 (9.4 psi),"14 cm (5.5"")","146 cm (57"")",10mm @75°,10mm @90°,10mm @90°,6mm @0°,10mm @15°(glacis),10mm @90°,-,6mm @0°,,,,,
ussr,T-37A,https://www.onwar.com/wwii/tanks/ussr/su032t37a.html,,Amphibious Light Tank,2,,about 11301,1933-1936,,,,,,,7.62mm DT MG,none,,360°,-5° to +5°,GAZ-AA,,,,Gasoline (Petrol),,,,"4 forward, 1 reverse",,,,,,0.50 kg/cm2 (7.1 psi),"20 cm (8"")","160 cm (63"")",9mm @60°(nose),9mm @90°,6mm @30&45°,6mm @0°,6mm @15°(glacis),-,9mm @90°,6mm @0°,9mm @90°,9mm @90°,9mm @90°,6mm @0°,9mm @round
ussr,T-38,https://www.onwar.com/wwii/tanks/ussr/su033t38.html,,Amphibious Light Tank,2,,about 4001,1937-1938,,,,,,,7.62 mm DT MG,none,,360°,-5° to +5°,GAZ-AA,,,,Gasoline (Petrol),,,,"4 forward, 1 reverse",,,,,,0.39 kg/cm2 (5.5 psi),"22 cm (9"")","190 cm (75"")",9mm @72°(nose),9mm @90°,9mm @30°,4mm @0°,6mm @5°(glacis),-,9mm @65°,6mm @0&3°,9mm @90°,9mm @90°,9mm @90°,6mm @0°,9mm @round
ussr,T-40,https://www.onwar.com/wwii/tanks/ussr/su034t40.html,,Amphibious Light Tank,2,,225,1941-1942,,,,,,,12.7mm DShK MG,"1 x 7.62mm DT MG (optional, coaxial)",,Manual (360°),-10° to +40°,GAZ-202,,,,Gasoline (Petrol),,,,"4 forward, 1 reverse",,,,,,"0.45 kg/cm2 (6.4
    psi)","26 cm (10"")","236 cm (93"")",9mm @60°,9mm @90°,9mm @15&50&60°,6mm @0°,6mm @15°,9mm @65&20°(R),9mm @55°,6mm @0&15°,10mm @65°,10mm @65°,10mm @65°,6mm @0°,6-15mm @0-90°
ussr,T-50,https://www.onwar.com/wwii/tanks/ussr/su037t50.html,,Light Infantry Tank,4,Factory No. 174 (in Omsk),65,1941,,,,,,,45mm TP Model 38,7.92mm DT MG,,Manual (360°),-10° to +40°,GAZ V-4,,,,Diesel,,,,"5 forward, 1 reverse",,,,,,0.56 kg/cm2 (8.0 psi),"43 cm (17"")","290 cm (114"")",37mm@25°,25mm@90°,25mm@90°,12-15mm@0°,37mm@45°(glacis),37mm@45°,37mm@25°,12-15mm@0°,37mm@round,15mm@65°,15mm@78°,12-15mm@3°,37mm@round
ussr,T-60 Model 1941,https://www.onwar.com/wwii/tanks/ussr/su038t60m41.html,,Light Tank,2,,about 42001,July 1941-1942,,,,,,,20mm Gun TNSh,1 x 7.62mm DT MG (coaxial),,Manual (360°),-10° to +40°,GAZ-202,,,,Gasoline (Petrol),,,,"4 forward, 1 reverse",,,,,,0.70 kg/cm2 (10.0 psi),"18 cm (7"")","229 cm (90"")",20mm @62°,15mm @90°,15mm @65°,10mm @0°,15mm @20°(glacis),-,-,10mm @0°,15mm @65°,15mm @65°,15mm @65°,10mm @0°,20mm @90°
ussr,T-60 Model 1942,https://www.onwar.com/wwii/tanks/ussr/su039t60m42.html,,Light Tank,2,,about 20001,Summer-Sept. 1942,,,,,,,20mm Gun TNSh,1 x 7.62mm DT MG (coaxial),,Manual (360°),-10° to +40°,GAZ-203,,,,Gasoline (Petrol),,,,"4 forward, 1 reverse",,,,,,0.78 kg/cm2 (11.0 psi),"18 cm (7"")","229 cm (90"")",35mm @62°,15mm @90°,25mm @65°,10mm @0°,15mm @20° (glacis),-,-,10-13mm @0°,25mm @65°,25mm @65°,25mm @65°,10mm @0°,20mm @90°
ussr,T-70 Model 1942,https://www.onwar.com/wwii/tanks/ussr/su040t70m42.html,,Light Tank,2,,about 75001,Mar. 1942 - Aug. 1943,,,,,,,45mm Gun Model 38,1 x 7.62mm DT MG (coaxial),,Manual (360°),-6° to +20°,2 x GAZ-202,,,,Gasoline (Petrol),,45/35 km/h,,"4 forward, 1 reverse",,,,,,0.78 kg/cm2 (11.0 psi),"19 cm (7.5"")","312 cm (123"")",35mm @60°,15mm @90°,15mm @50°,10mm @0°,35mm @30° (glacis),-,-,10mm @0&16°,35mm @55°,35mm @65°,35mm @60°,10mm @0°,60mm @round
ussr,T-70 Model 1943,https://www.onwar.com/wwii/tanks/ussr/su041t70m43.html,,Light Tank,2,,about 8001,Sep. - Oct. 1943,,,,,,,45mm Gun Model 38,1 x 7.62mm DT MG (coaxial),,Manual (360°),-6° to +20°,2 x GAZ-203,,,,Gasoline (Petrol),,45 km/h,,"4 forward, 1 reverse",,,,,,0.84 kg/cm2 (12.0 psi),"19 cm (7.5"")","312 cm (123"")",35mm @60°,15mm @90°,15mm @50°,10mm @0°,35mm @30°(glacis),-,-,10mm @0&16°,35mm @55°,35mm @65°,35mm @60°,10mm @0°,60mm @round
ussr,SU-76,https://www.onwar.com/wwii/tanks/ussr/su018su76.html,,Self-Propelled Gun,4,,about 8001,Dec. 1942 - May 1943,,,,,,,76.2mm Gun ZiS-3 Model 1942,,,Manual (16° L - 16° R),-3° to 25°,2 x GAZ-202,,2 x 70hp @3000rpm,,Gasoline (Petrol),,45 km/h,,"4 forward, 1 reverse",,,,,,0.55 kg/cm2 (7.8 psi),"30 cm (12"")","330 cm (130"")",30mm @60°,15mm @90°,15mm @60°,7mm @0°,25mm @30°,10mm @70°,15mm @0°,7mm @0°,,,,,15mm @round
ussr,SU-76M,https://www.onwar.com/wwii/tanks/ussr/su019su76m.html,,Self-Propelled Gun,4,,about 113001,May 1943 -1945,,,,,,,76.2mm Gun ZiS-3 Model 1942,,,Manual (16° L - 20° R),-3° to +25°,2 x GAZ-203,,2 x 85hp @3600rpm,,Gasoline (Petrol),,,,"4 forward, 1 reverse",,,,,,0.57 kg/cm2 (8.1 psi),"30 cm (12"")","330 cm (130"")",30mm @60°,15mm @90°,15mm @60°,7mm @0°,25mm @30°,10mm @70°,15mm @0°,7mm @0°,,,,,15mm @round
ussr,T-26 Model 1933,https://www.onwar.com/wwii/tanks/ussr/su025t26m33.html,,Light Tank,3,,about 5500,1933-1936,,,,,,,45mm Gun Model 32,2 x 7.62mm DT MG,,Manual (360°),-10° to +40°,GAZ T-26,,,,Gasoline (Petrol),,,,"5 forward, 1 reverse",,,,,,0.61 kg/cm2 (8.7 psi),"26 cm (10"")","297 cm (117"")",15mm @28°,15mm @90°,15mm @81°,"6mm @0,8°",7mm @10°(glacis),15mm @90°,15mm @90°,6mm @10°,15mm @90°,15mm @90°,15mm @90°,"10mm @0,5°",15mm @round
ussr,T-26S Model 1937,https://www.onwar.com/wwii/tanks/ussr/su026t26sm37.html,,Light Tank,3,,about 24002,1938-1939,,,,,,,45mm Gun Model 38,2 x 7.62mm DT MG,,Manual (360°),-10° to +40°,GAZ T-26,,,,Gasoline (Petrol),,,,"5 forward, 1 reverse",,,,,,0.68 kg/cm2 (9.7 psi),"26 cm (10"")","297 cm (117"")",15mm @28°,15mm @90°,15mm @81°,"6mm @0,8°",7mm @10°(glacis),15mm @90°,15mm @90°,6mm @10°,15mm @round,15mm @72°,15mm @72°,"10mm @10,0,3°",15mm @round
ussr,T-26S Model 1939,https://www.onwar.com/wwii/tanks/ussr/su027t26sm39.html,,Light Tank,3,,about 24001,1939-1940,,,,,,,45mm Gun Model 38,2 x 7.62mm DT MG,,Manual (360°),-10° to +40°,GAZ T-26,,,,Gasoline (Petrol),,,,"5 forward, 1 reverse",,,,,,0.68 kg/cm2 (9.7 psi),"26 cm (10"")","297 cm (117"")",15mm @28°,15mm @90°,15mm @81°,"6mm @0,8°",7mm @10°(glacis),15mm @67°,15mm @90°,6mm @10°,15mm @round,15mm @72°,15mm @72°,"10mm @10,0,3°",15mm @round
ussr,OT-133,https://www.onwar.com/wwii/tanks/ussr/su016ot130.html,,Flamethrower Tank,3,,unknown number rebuilt from T-26 series tanks,1938,,,,,,,Flamethrower Model 38,1 x 7.62mm DT MG,,Manual (360°),-10° to +40°,GAZ T-26,,,7.8 hp/t,Gasoline (Petrol),,,,"5 forward, 1 reverse",,,,,,"0.74 kg/cm2
      (10.6 psi)","26 cm (10"")","297 cm (117"")",15mm @28°,15mm @90°,15mm @81°,"6mm @0,8°",7mm @10°(glacis),15mm @90°,15mm @90°,6mm @10°,15mm @90°,15mm @90°,15mm @90°,"10mm @0,5°",15mm @round
ussr,T-24,https://www.onwar.com/wwii/tanks/ussr/su024t24.html,,Medium Tank,5,,prototype + 24,1929-1930,,,,,,,45mm Gun TP,4 x 7.62mm MG DT,,Manual (360°),-5° to +30°,M-6,,,,Gasoline (Petrol),,22/13 km/h,,"4 forward, 1 reverse",,,,,,"0.52 kg/cm2 (7.4
    psi)","58 cm (23"")","300 cm (118"")",20mm @85°(nose),8mm @90°,8mm @70°,8mm @0°,8mm @20°(glacis),8mm @90°,-,8mm @0°,8mm @90°,8mm @90°,8mm @90°,8mm @0°,20mm @round
ussr,TG,https://www.onwar.com/wwii/tanks/ussr/su048tg.html,,Medium Tank,5,,1 prototype,July 1931,,,,,,,,"3 x 7.62mm M-1910 MG(Lower Turret)2 x 7.62mm DT MG
    (Hull Sides)",,360° (Upper & Lower)1,n.a.,M-62,,,,Gasoline (Petrol),,,,"6 forward, 6 reverse",,,,,,0.67 kg/cm2 (9.6 psi),"49 cm (19"")","430 cm (169"")",38-50mm @various,16mm @90°,10mm @60°,10mm @0°,,,,,,,,,
ussr,T-28 Model 1934,https://www.onwar.com/wwii/tanks/ussr/su029t28m34.html,,Medium Tank,6,,about 3181,1934-1938,,,,,,,76.2mm Gun KT-28,"3-4 x 7.62mm DT MG (coaxial, 1
    x 2 MG turrets, turret rear)",,Manual (360°),-10° to +40°,M-17,,,,Gasoline (Petrol),,,,"5 forward, 1 reverse",,,,,,"0.67 kg/cm2 (9.5
    psi)","39 cm (15"")","535 cm (210"")",30mm @65°,20mm @90°,20mm @20°,15mm @0°,15mm @25°(glacis),20mm @80°,10mm @85°,10-15mm @0°,20mm @90°,20mm @90,20mm @90,15mm @0°,20mm @90°
ussr,BT-2 Model 1932,https://www.onwar.com/wwii/tanks/ussr/su001bt2m32.html,,Medium/Cruiser Tank,3,Factory No. 183 Kharkov Locomotive Works (KhPZ),about 3001,Sept. 1931 - 1932,,,,,,,37mm Gun M1930,1 x 7.62mm MG DT (turret),,Manual (360°),-4° to +40°,Liberty Aero/M-5,,,,Gasoline (Petrol),,52(72)2 km/h,,"4 forward, 1 reverse",,,,,,0.59 kg/cm2 (8.4 psi),26 cm (10in),360 cm (142in),13mm @31° (lower)13mm @70° (nose),13mm @90°,13mm @90°,6-10mm @0°,13mm @28° (glacis)13mm @78° (driver),-,-,10mm @0°,13mm @90°,13mm @90°,13mm @90°,10mm @0°,13mm @round
ussr,BT-5 Model 1934,https://www.onwar.com/wwii/tanks/ussr/su002bt5m34.html,,Medium/Cruiser Tank,3,,about 18002,1933-1935,,,,11500 kg (25400 lbs),,,45mm Gun M1932,"1 or 2 x 7.62mm DT MG(coaxial, possibly turret)",,360°,-4° to +40°,M-5,,,,Gasoline (Petrol),,,,"4 forward, 1 reverse",,,,,,"0.61 kg/cm2 (8.7
    psi)","26 cm (10"")","360 cm (142"")",13mm @31°(lower),13mm @90°,13mm @90°,6-10mm @0°,13mm @28°(glacis),-,-,10mm @0°,13mm @90°,13mm @90°,13mm @90°,10mm @0°,13mm @round
ussr,BT-7 Model 1937,https://www.onwar.com/wwii/tanks/ussr/su003bt7m37.html,,Medium/Cruiser Tank,3,,about 12001,1937-1939,,,,,,,45mm Gun M1934,"2 x 7.62mm DT MG(coaxial, turret)",,360°,-4° to +40°,M-17,,,,Gasoline (Petrol),,,,"3 forward, 1 reverse",,,,,,"0.74 kg/cm2 (10.5
    psi)","26 cm (10"")","360 cm (142"")",22mm @round(nose),13mm @90°,13mm @32°(lower),6-10mm @0°,15mm @30°(glacis),-,10mm @35°,10mm @0°,15mm @78°,15mm @78°,15mm @75°,15mm @0-5°,15mm @round
ussr,T-34-76 Model 1940,https://www.onwar.com/wwii/tanks/ussr/su042t3476m40.html,,Medium Tank,4,,about 9501,mid 1940 - mid 1941,,,,,,,76.2mm Gun L-11,"2 x 7.62mm DT MG (coaxial, bow)",,Electric (360°),-5° to +29°,V-2-34,,,,Diesel,,55/40 km/h,,"4 forward, 1 reverse",,,,,,"0.64 kg/cm2 (9.1
    psi)","55.0 cm (22"")","372 cm (146"")",45mm @30°,45mm @90°,45mm @45°,20mm @0°,45mm @30°,45mm @50°,45mm @48°,20mm @0°,45mm @round,45mm @60°,45mm @60°,20mm @0&6°,45mm @30&90°
ussr,T-34-76 Model 1941,https://www.onwar.com/wwii/tanks/ussr/su043t3476m41.html,,Medium Tank,4,,about 92901,early 1941 - 1942,,,"2.45 m (8' 0"")",,,,76.2mm Gun F-34,"2 x 7.62mm DT MG(coaxial, bow)",,Electric (360°),-5° to +29°,V-2-34,,,,Diesel,,55/40 km/h,,"5 forward, 1 reverse",,,,,,0.68/0.75 kg/cm2 (9.7/10.7 psi),"55.0/50.0 cm (22""/20"")",372 cm,45mm @30°,45mm @90°,45mm @45°,20mm @0°,45mm @30°,45mm @50°,45mm @48°,20mm @0°,,,,,40mm @30&90°
ussr,T-34-76 Model 1942,https://www.onwar.com/wwii/tanks/ussr/su044t3476m42.html,,Medium Tank,4,,140411,mid 1942 - mid 1943,,,,,,,76.2mm Gun F-34,"2 x 7.62mm DT MG (coaxial, bow)",,Electric (360°),-5° to +29°,V-2-34,,,,Diesel,,55/40 km/h,,"5 forward, 1 reverse",,,,,,0.73 kg/cm2 (10.4 psi),"55.0 cm (22"")","372 cm (146"")",45mm @30°,45mm @90°,45mm @45°,20mm @0°,45mm @30°,45mm @50°,45mm @48°,20mm @0°,70mm @60°&round,52mm @70°,52mm @70°,20mm @0°,40mm @30&90°
ussr,T-34-76 Model 1943,https://www.onwar.com/wwii/tanks/ussr/su045t3476m43.html,,Medium Tank,4,,107601,mid 1943 - early 1944,,,,,,,76.2mm Gun F-34,"2 x 7.62mm DT MG (coaxial, bow)",,Electric (360°),-5° to +29°,V-2-34,,,,Diesel,,55/40 km/h,,"5 forward, 1 reverse",,,,,,0.75 kg/cm2 (10.7 psi),"55.0 cm (22"")","372 cm (146"")",45mm @30°,45mm @90°,45mm @45°,20mm @0°,45mm @30°,45mm @50°,45mm @48°,20mm @0°,70mm @60°&round,52mm @70°,52mm @70°,20mm @0°,40mm @30&90°
ussr,T-34-85 Model 1943,https://www.onwar.com/wwii/tanks/ussr/su046t3485m43.html,,Medium Tank,5,,about 800,Jan. 1944 - Mar. 1944,,,,,,,85mm Gun D-5T,"2 x 7.62mm DTM MG (coaxial, bow)",,Electric (360°),-5° to +22°,V-2-34,,,,Diesel,,55/40 km/h,,"5 forward, 1 reverse",,,,,,0.78 kg/cm2 (11.1 psi),"55.0 cm (22"")","372 cm (146"")",45mm @30°,45mm @0°,45mm @45°,20mm @0°,45mm @30°,45mm @50°,45mm @42°,20mm @0°,90mm @round,75mm @70°,52mm @80°,20mm @0-14°,90mm @round
ussr,T-34-85 Model 1944,https://www.onwar.com/wwii/tanks/ussr/su047t3485m44.html,,Medium Tank,5,,176801,Mar. 1944 - May 1945,,,,,,,85mm gun ZiS-S-53,"2 x 7.62mm DTM MG (coaxial, bow)",,Electric (360°),-5° to +22°,V-2-34M,,,,Diesel,,55/30 km/h,,"5 forward, 1 reverse",,,,,,0.78 kg/cm2 (11.1 psi),"55.0 cm (22"")","372 cm (146"")",45mm @30°,45mm @0°,45mm @45°,20mm @0°,45mm @30°,45mm @50°,45mm @42°,20mm @0°,90mm @round,75mm @70°,52mm @80°,20mm @0-14°,90mm @round
ussr,SU-122 Model 1943,https://www.onwar.com/wwii/tanks/ussr/su022su122.html,,Assault Gun,5,,1148,Dec. 1942 - early 1944,,,,,,,122mm Howitzer M-30S,,,Manual (10°L - 10°R),-3° to +25°,V-2-34,,,,Diesel,,,,"5 forward, 1 reverse",,,,,,"0.75 kg/cm2 (10.7
    psi)","55.0 cm (22"")","372 cm (146"")",45mm @30°,45mm @90°,45mm @45°,20mm @0°,45mm @40°,45mm @70°(front),45mm @50°,20mm @0°,,,,,65mm @rounded
ussr,SU-85,https://www.onwar.com/wwii/tanks/ussr/su020su85.html,,Tank Destroyer,4,,2050,Aug. 1943 - Jul. 1944,,,,,,,85mm Gun D-5S,,,Manual (10°L - 10°R),-3° to +20°,V-2-34,,,,Diesel,,,,"5 forward, 1 reverse",,,,,,"0.72 kg/cm2 (10.3
    psi)","55.0 cm (22"")","372 cm (146"")",45mm @30°,45mm @90°,45mm @45°,20mm @0°,45mm @40°,45mm @70°(front),45mm @42°,20mm @0°,,,,,75mm @round
ussr,SU-100,https://www.onwar.com/wwii/tanks/ussr/su021su100.html,,Tank Destroyer,4,,16751,Nov. 1944 - Jun.1945,,,,,,,100mm Gun D-10S,,,Manual (10°L - 10°R),-3° to +20°,V-2-34M,"V12, 38.9 liters",,,Diesel,,,,"5 forward, 1 reverse",,,,,,"0.77 kg/cm2 (11.0
    psi)","55.0 cm (22"")","372 cm (146"")",45mm @35°,45mm @90°,45mm @45°,20mm @0°,75mm @40°,45mm @70°(front)3,45mm @42°,20mm @0°,,,,,75mm @round
ussr,T-43,https://www.onwar.com/wwii/tanks/ussr/su035t43.html,,Medium Tank,4,,prototype,June 1943,,,,,,,76mm Gun F-34,"2 x 7.62mm DT MG(coaxial, n.a.)",,Electric (360°),-3° to +30°,V-2-34,,,,Diesel,,50/40 km/h,,"5 forward, 1 reverse",,,,,,0.83 kg/cm2 (11.8 psi),"55.0 cm (22"")","373.4 cm (147"")",75mm @20°,45mm @0°,45mm @45°,20mm @0°,75mm @35°,45mm @50°,45mm @32°,20mm @0°,90mm @round,90mm @70°,90mm @80°,20mm @0°,90mm @round
ussr,T-44,https://www.onwar.com/wwii/tanks/ussr/su036t44.html,,Medium Tank,4,,2001,1945,,,,,,,85mm Gun ZiS-S-53,"2 x 7.62mm DTM MG (coaxial,
      bow2)",,360°,-5° to +25°,V-44,"V12, n.a.",,,Diesel,,50/26 km/h,,"5 forward, 1 reverse",,,,,,0.82 kg/cm2 (11.6 psi),"50 cm (20"")","385 cm (152"")",90mm @30°,75mm @90°,30mm @20°,20mm @0°,90mm @30°,75mm @90°,45mm @90°,15mm @0°,90mm @rounded,90mm @70°,75mm @78°,15mm @0°,120mm @rounded
ussr,T-35 Model 1935,https://www.onwar.com/wwii/tanks/ussr/su030t35m35.html,,Heavy Tank,11,,35,1935-1937,,,,,,,Main Turret:76.2mm Gun PS-3,"6 x 7.62mm DT MG(3 x coaxial, 2 x MG Turrets, Main Turret rear)",,Main Turret:Manual (360°),-5° to +25°,M-17T,,,,Gasoline (Petrol),,30/19 km/h,,"4 forward, 1 reverse",,,,,,0.69 kg/cm2 (9.8psi),"50 cm (20"")","650 cm (256"")",15-30mm @various,20mm @90°,20mm @various,10mm @0°(bottom),,,,,,,,,
ussr,T-35 Model 1938,https://www.onwar.com/wwii/tanks/ussr/su031t35m38.html,,Heavy Tank,11,,6,1938-1939,,,,,,,Main Gun Turret:76.2mm Gun PS-3,"5 x 7.62mm DT MG(3 x coaxial, 2 x MG Turrets, Main Turret rear)",,Main Gun Turret:Manual (360°),-5° to +25°,M-17T,,,,Gasoline (Petrol),,30/19 km/h,,"4 forward, 1 reverse",,,,,,"0.77 kg/cm2 (10.9
    psi)","50 cm (20"")","650 cm (256"")",15-35mm @various,25mm @90°,20mm @various,10mm @0°(bottom),,,,,,,,,
ussr,SMK,https://www.onwar.com/wwii/tanks/ussr/su017smk.html,,Heavy Tank,7,,prototype,1939,,,,,,,76.2mm Gun L-11(Upper Turret),"3 x 7.62mm DT MG(2 x coaxial, bow, Upper Turret rear)",,Upper Turret:Electric (360°),-7° to + 35°,GAM-34BT,,,,Gasoline (Petrol),,35 km/h,,"5 forward, 1 reverse",,,,,,"0.67 kg/cm2 (9.6
    psi)","70.0 cm (28"")","585 cm (230"")",60mm @45°(nose),60mm @75-90°,60mm @round(lower),20-30mm @0°(bottom),,,,,,,,,
ussr,KV-1 Model 1939,https://www.onwar.com/wwii/tanks/ussr/su011kv1m39.html,,Heavy Tank,5,,about 1001,1940,,,,,,,76.2mm Gun L-11,"3 x 7.62mm DT MG(coaxial, bow, turret rear)",,360°,-4° to +25°,V-2K,,,,Diesel,,,,"5 forward, 1 reverse",,,,,,0.77 kg/cm2 (11.0  psi),"65 cm (28"")","433 cm (170"")",75mm @60°,75mm @90°,70mm @round,40mm @0°(front),40mm @25°(glacis),-,60mm @40°,40mm @0°(front),75mm @70°,75mm @75°,75mm @75°,40mm @0°,90mm @round
ussr,KV-1E Model 1940,https://www.onwar.com/wwii/tanks/ussr/su010kv1em40.html,,Heavy Tank,5,,several hundred1,Spring-Summer 1941,,,,,,,76.2mm Gun F-32,"3 x 7.62mm DT MG(coaxial, bow, turret rear)",,360°,-4° to +25°,V-2K,,,,Diesel,,,,"5 forward, 1 reverse",,,,,,"0.84 kg/cm2 (11.9
    psi)","65 cm (26"")","433 cm (170"")",35+75mm @60°,75mm @90° or35+75mm @90°,70mm @round,40mm @0°(front),40mm @25°(glacis),-,60mm @40°,40mm @0°(front),75mm @70°,35+75mm @75°,75mm @75°,40mm @0°,90mm @round
ussr,KV-1 Model 1941,https://www.onwar.com/wwii/tanks/ussr/su012kv1m41.html,,Heavy Tank,5,,several hundred1,1941-1942,,,,,,,76.2mm Gun ZiS-5or F-34,"3 x 7.62mm DT(coaxial, bow, turret rear)",,360°,-4° to +25°,V-2K,,,,Diesel,,,,"5 forward, 1 reverse",,,,,,"0.80 kg/cm2 (11.4
    psi)","65cm (26"")","433 cm (170"")",75mm @60°,75mm @90°,70mm @round,40mm @0°(front),40mm @25°(glacis),-,60mm @40°,40mm @0°(front),75mm @70°,75mm @75°,75mm @75°,40mm @0°,90mm @round
ussr,KV-1s,https://www.onwar.com/wwii/tanks/ussr/su013kv1s.html,,Heavy Tank,5,,1370,Aug. 1942-Apr. 1943,,,,,,,76.2mm Gun ZiS-5,"3 x 7.62mm DT(coaxial, bow, turret rear)",,360°,-4° to +25°,V-2K-s,,,,Diesel,,43/19 km/h,,"5 forward, 1 reverse",,,,,,"0.73 kg/cm2 (10.4
    psi)","67 cm (26"")","433 cm (170"")",60mm @65°,60mm @90°,60mm @round,30mm @0°,50mm @20°(glacis),-,60mm @round,40mm @0°(front),82mm @round,75mm @75°,75mm @75°,40mm @0°,n.a.
ussr,KV-85,https://www.onwar.com/wwii/tanks/ussr/su015kv85.html,,Heavy Tank,4,,130,Sept.-Nov. 1943,,,,,,,85mm Gun D-5T85,3 x 7.62mm DT,,360°,-4° to +23°,V-2K-s,"V12, n.a.",,,Diesel,,35/12 km/h,,"5 forward, 1 reverse",,,,,,"0.79 kg/cm2 (11.2
      psi)","67 cm (26"")","433 cm (170"")",75mm @60°(nose),60mm @90°,75mm @round,30mm @0°(front),40mm @25°(glacis),-,40mm @round,40mm @0°(front),100mm @round,100mm @75°,100mm @60°,40@0-5°,95mm @round
ussr,SU-152,https://www.onwar.com/wwii/tanks/ussr/su023su152.html,,Assault Gun,5,,704,1943,,,,,,,152.4 Howitzer ML-20S,none,,Manual (12°),-5 to +18,V-2K-s,,,,Diesel,,43/19 km/h,,"5 forward, 1 reverse",,,,,,"0.78 kg/cm2 (11.1
    psi)","67 cm (26"")","433 cm (170"")",60mm @60°,60mm @90°,60mm @round,20-30mm @0°,60mm @20°(glacis),60mm @65°,60mm @,20mm @0°(crew),,,,,65mm @round
ussr,KV-2 Model 1940,https://www.onwar.com/wwii/tanks/ussr/su014kv2m40.html,,Heavy Assault Tank,6,,330,1940-1941,,,,,,,152.4mm Howitzer M-10,3 x 7.62mm DT MG,,360°,-4° to +24.5°,V-2K,,,,Diesel,,,,"5 forward, 1 reverse",,,,,,"0.92 kg/cm2 (13.0
    psi)","65 cm (26"")","433 cm (170"")",75mm @60°(nose),75mm @90°,70mm @round,40mm @0°(front),40mm @25°(glacis),-,60mm @40°,40mm @0°(front),75mm @90°,75mm @90°,75mm @90°,40mm @0°,110mm @round
ussr,IS-1,https://www.onwar.com/wwii/tanks/ussr/su004is1.html,,Heavy Tank,4,,1071,Late 1943 - Early 1944,,,,,,,85mm Gun D-5T85,"3 x 7.62mm DT MG(coaxial, turret rear, bow)",,360°,-4° to +23°,V-2-IS (V-2K),,,,Diesel,,37/19 km/h,,"4 forward, 1 reverse",,,,,,"0.78 kg/cm2 (11.1
    psi)","65 cm (26"")","436 cm (172"")",100mm @60°,90mm @90°,60mm @49°,30mm @0°(front),120mm @60°(driver),90mm @75°,60mm @41°,30mm @0°,100mm @round,100mm @72°,100mm @60°,30mm @0-5°,100mm @round
ussr,IS-2 Model 1944,https://www.onwar.com/wwii/tanks/ussr/su005is2m.html,,Heavy Tank,4,,34752,Apr. 1944-Jun. 1945**,,,,,,,122mm Gun D-25T,,,360°,-3° to +20°,V-2-IS (V-2-10),,,,Diesel,,37/19 km/h,,"4 forward, 1 reverse",,,,,,"0.81 kg/cm2 (11.5
    psi)","65 cm (26"")","436 cm (172"")",120mm @60°,90mm @90°,60mm @49°,20mm @0°,120mm @30°,90mm @75°,60mm @41°,30mm @0°,90mm @round,90mm @72°,90mm @60°,30mm @0-5°,100mm @round
ussr,IS-3 Model 1945,https://www.onwar.com/wwii/tanks/ussr/su006is3.html,,Heavy Tank,4,Factory No.100 Kirovskiy Works in Chelyabinsk (ChKZ or Tankograd),350*,1945*,,,,,,,122mm Gun D-25,,,360°,-3° to +20°,V-2-IS (V-2K),,,,Diesel,,37/19 km/h,,"4 forward, 1 reverse",,,,,,"0.82 kg/cm2 (11.7
    psi)","65 cm (26"")","436 cm (172"")",120mm @47°,90mm @90°,60mm @49°,20mm @0°,120mm @32°(glacis),90mm @30° +30mm @60°,60mm @42°,20mm @0°,160mm @round,100-220mm @40°,110-220mm @50°,20mm @0-6°,200mm @round
ussr,ISU-122,https://www.onwar.com/wwii/tanks/ussr/su007isu122a.html,,Assault Gun,5,,about 6451,Late 1943 - 1944,,,,,,,122mm Gun A-19S,12.7mm DShK MG (AA),,Manual (11°),-4° to +19°,V-2-IS,,,,Diesel,,37/16 km/h,,"4 forward, 1 reverse",,,,,,0.81 kg/cm2 (11.5 psi),"65 cm (26"")","436 cm (172"")",90mm @60°,90mm @90°,60mm @49°,20mm @0°,60mm @12°(glacis),75mm @75°,60mm @41°,30mm @0°,,,,,60-65mm @round
ussr,ISU-122S,https://www.onwar.com/wwii/tanks/ussr/su008isu122b.html,,Assault Gun,5,,about 14001,1944-1945,,,,,,,122mm Gun D-25S,12.7mm DShK MG (AA),,Manual (14°),-3° to +16°,V-2-IS,,600hp @2000rpm,,Diesel,,37/16 km/h,,"4 forward, 1 reverse",,,,,,"0.81 kg/cm2
      (11.5 psi)","65 cm (26"")","436 cm
      (172"")",90mm @60°,90mm @90°,60mm @49°,20mm @0°,60mm @12°(glacis),75mm @75°,60mm @41°,30mm @0°,,,,,100mm @round
ussr,ISU-152,https://www.onwar.com/wwii/tanks/ussr/su009isu152.html,,Assault Gun,5,,about 20001,1943-1945,,,,46000,,,152mm Howitzer (ML-20S),12.7mm DShK MG (AA),,Manual (10° L - 10° R),-3° to +20°,V-2-IS,,,,Diesel,,37/16 km/h,,"4 forward, 1 reverse",,,,,,0.81 kg/cm2 (11.5 psi),"65 cm (26"")","436 cm (172"")",90mm @60°(lower),90mm @90°,60mm @49°(lower),20mm @0°,90mm @60°,75mm @65°,60mm @90°,30mm @0°,,,,,65mm @round